Date;Open;High;Low;Close
2025.04.24 12:00;1.12958;1.12992;1.12957;1.12988
2025.04.24 12:01;1.12988;1.12993;1.12976;1.12977
2025.04.24 12:02;1.12978;1.12978;1.12950;1.12952
2025.04.24 12:03;1.12952;1.12952;1.12936;1.12945
2025.04.24 12:04;1.12945;1.12952;1.12939;1.12946
2025.04.24 12:05;1.12946;1.12947;1.12927;1.12929
2025.04.24 12:06;1.12930;1.12940;1.12930;1.12935
2025.04.24 12:07;1.12935;1.12938;1.12929;1.12934
2025.04.24 12:08;1.12934;1.12939;1.12930;1.12933
2025.04.24 12:09;1.12932;1.12933;1.12926;1.12927
2025.04.24 12:10;1.12927;1.12927;1.12914;1.12922
2025.04.24 12:11;1.12925;1.12926;1.12909;1.12912
2025.04.24 12:12;1.12913;1.12920;1.12907;1.12914
2025.04.24 12:13;1.12913;1.12918;1.12908;1.12912
2025.04.24 12:14;1.12913;1.12916;1.12901;1.12906
2025.04.24 12:15;1.12905;1.12911;1.12884;1.12884
2025.04.24 12:16;1.12884;1.12887;1.12879;1.12880
2025.04.24 12:17;1.12881;1.12888;1.12876;1.12881
2025.04.24 12:18;1.12881;1.12882;1.12874;1.12876
2025.04.24 12:19;1.12876;1.12887;1.12854;1.12885
2025.04.24 12:20;1.12885;1.12893;1.12863;1.12875
2025.04.24 12:21;1.12876;1.12881;1.12872;1.12874
2025.04.24 12:22;1.12874;1.12880;1.12867;1.12869
2025.04.24 12:23;1.12869;1.12876;1.12867;1.12869
2025.04.24 12:24;1.12869;1.12884;1.12858;1.12859
2025.04.24 12:25;1.12859;1.12860;1.12815;1.12837
2025.04.24 12:26;1.12838;1.12841;1.12827;1.12835
2025.04.24 12:27;1.12835;1.12839;1.12828;1.12830
2025.04.24 12:28;1.12830;1.12835;1.12823;1.12831
2025.04.24 12:29;1.12831;1.12833;1.12821;1.12821
2025.04.24 12:30;1.12821;1.12837;1.12796;1.12800
2025.04.24 12:31;1.12801;1.12801;1.12781;1.12785
2025.04.24 12:32;1.12785;1.12789;1.12781;1.12782
2025.04.24 12:33;1.12782;1.12787;1.12776;1.12785
2025.04.24 12:34;1.12785;1.12802;1.12779;1.12786
2025.04.24 12:35;1.12786;1.12793;1.12756;1.12786
2025.04.24 12:36;1.12787;1.12802;1.12782;1.12794
2025.04.24 12:37;1.12789;1.12824;1.12788;1.12794
2025.04.24 12:38;1.12794;1.12794;1.12756;1.12762
2025.04.24 12:39;1.12762;1.12777;1.12760;1.12762
2025.04.24 12:40;1.12763;1.12783;1.12759;1.12782
2025.04.24 12:41;1.12782;1.12792;1.12778;1.12789
2025.04.24 12:42;1.12789;1.12793;1.12782;1.12786
2025.04.24 12:43;1.12785;1.12785;1.12755;1.12757
2025.04.24 12:44;1.12757;1.12763;1.12741;1.12752
2025.04.24 12:45;1.12751;1.12764;1.12750;1.12757
2025.04.24 12:46;1.12757;1.12757;1.12743;1.12743
2025.04.24 12:47;1.12743;1.12757;1.12738;1.12745
2025.04.24 12:48;1.12745;1.12758;1.12744;1.12750
2025.04.24 12:49;1.12750;1.12760;1.12750;1.12752
2025.04.24 12:50;1.12752;1.12785;1.12752;1.12776
2025.04.24 12:51;1.12776;1.12785;1.12769;1.12777
2025.04.24 12:52;1.12777;1.12778;1.12742;1.12757
2025.04.24 12:53;1.12757;1.12774;1.12753;1.12772
2025.04.24 12:54;1.12772;1.12789;1.12770;1.12783
2025.04.24 12:55;1.12783;1.12794;1.12781;1.12789
2025.04.24 12:56;1.12790;1.12806;1.12787;1.12805
2025.04.24 12:57;1.12806;1.12827;1.12806;1.12816
2025.04.24 12:58;1.12816;1.12819;1.12813;1.12813
2025.04.24 12:59;1.12814;1.12826;1.12813;1.12822
2025.04.24 13:00;1.12822;1.12837;1.12812;1.12827
2025.04.24 13:01;1.12826;1.12843;1.12824;1.12825
2025.04.24 13:02;1.12829;1.12851;1.12829;1.12842
2025.04.24 13:03;1.12842;1.12855;1.12826;1.12829
2025.04.24 13:04;1.12829;1.12843;1.12819;1.12823
2025.04.24 13:05;1.12824;1.12833;1.12822;1.12825
2025.04.24 13:06;1.12825;1.12826;1.12804;1.12805
2025.04.24 13:07;1.12805;1.12822;1.12802;1.12820
2025.04.24 13:08;1.12820;1.12824;1.12810;1.12817
2025.04.24 13:09;1.12818;1.12821;1.12812;1.12818
2025.04.24 13:10;1.12818;1.12825;1.12798;1.12799
2025.04.24 13:11;1.12798;1.12815;1.12798;1.12815
2025.04.24 13:12;1.12815;1.12841;1.12811;1.12839
2025.04.24 13:13;1.12839;1.12864;1.12839;1.12850
2025.04.24 13:14;1.12852;1.12865;1.12848;1.12864
2025.04.24 13:15;1.12864;1.12872;1.12858;1.12869
2025.04.24 13:16;1.12869;1.12872;1.12848;1.12849
2025.04.24 13:17;1.12849;1.12867;1.12844;1.12866
2025.04.24 13:18;1.12866;1.12867;1.12852;1.12859
2025.04.24 13:19;1.12859;1.12862;1.12828;1.12829
2025.04.24 13:20;1.12829;1.12833;1.12817;1.12819
2025.04.24 13:21;1.12818;1.12834;1.12817;1.12833
2025.04.24 13:22;1.12834;1.12847;1.12834;1.12838
2025.04.24 13:23;1.12838;1.12838;1.12823;1.12832
2025.04.24 13:24;1.12833;1.12837;1.12822;1.12836
2025.04.24 13:25;1.12836;1.12845;1.12834;1.12841
2025.04.24 13:26;1.12841;1.12843;1.12836;1.12836
2025.04.24 13:27;1.12837;1.12840;1.12822;1.12827
2025.04.24 13:28;1.12826;1.12837;1.12826;1.12833
2025.04.24 13:29;1.12830;1.12833;1.12811;1.12826
2025.04.24 13:30;1.12826;1.12826;1.12808;1.12810
2025.04.24 13:31;1.12810;1.12810;1.12798;1.12798
2025.04.24 13:32;1.12798;1.12802;1.12785;1.12793
2025.04.24 13:33;1.12793;1.12798;1.12789;1.12796
2025.04.24 13:34;1.12796;1.12819;1.12790;1.12815
2025.04.24 13:35;1.12815;1.12815;1.12804;1.12806
2025.04.24 13:36;1.12807;1.12808;1.12801;1.12802
2025.04.24 13:37;1.12801;1.12821;1.12797;1.12813
2025.04.24 13:38;1.12814;1.12815;1.12800;1.12808
2025.04.24 13:39;1.12809;1.12839;1.12806;1.12831
2025.04.24 13:40;1.12830;1.12855;1.12828;1.12851
2025.04.24 13:41;1.12851;1.12868;1.12849;1.12866
2025.04.24 13:42;1.12866;1.12872;1.12851;1.12852
2025.04.24 13:43;1.12852;1.12860;1.12842;1.12857
2025.04.24 13:44;1.12857;1.12863;1.12852;1.12862
2025.04.24 13:45;1.12863;1.12877;1.12857;1.12877
2025.04.24 13:46;1.12877;1.12899;1.12877;1.12895
2025.04.24 13:47;1.12895;1.12899;1.12891;1.12895
2025.04.24 13:48;1.12896;1.12899;1.12881;1.12895
2025.04.24 13:49;1.12896;1.12917;1.12896;1.12911
2025.04.24 13:50;1.12911;1.12924;1.12908;1.12918
2025.04.24 13:51;1.12919;1.12919;1.12908;1.12915
2025.04.24 13:52;1.12915;1.12928;1.12913;1.12923
2025.04.24 13:53;1.12923;1.12943;1.12923;1.12943
2025.04.24 13:54;1.12942;1.12948;1.12940;1.12940
2025.04.24 13:55;1.12939;1.12944;1.12926;1.12939
2025.04.24 13:56;1.12939;1.12944;1.12928;1.12940
2025.04.24 13:57;1.12940;1.12948;1.12935;1.12937
2025.04.24 13:58;1.12936;1.12937;1.12923;1.12936
2025.04.24 13:59;1.12936;1.12955;1.12929;1.12955
2025.04.24 14:00;1.12955;1.12969;1.12955;1.12963
2025.04.24 14:01;1.12964;1.12979;1.12964;1.12976
2025.04.24 14:02;1.12976;1.12994;1.12974;1.12986
2025.04.24 14:03;1.12986;1.13009;1.12985;1.13002
2025.04.24 14:04;1.13002;1.13014;1.12997;1.13003
2025.04.24 14:05;1.13003;1.13005;1.12993;1.12994
2025.04.24 14:06;1.12994;1.12998;1.12986;1.12989
2025.04.24 14:07;1.12989;1.12989;1.12969;1.12974
2025.04.24 14:08;1.12973;1.12997;1.12973;1.12994
2025.04.24 14:09;1.12994;1.12998;1.12993;1.12997
2025.04.24 14:10;1.12997;1.12997;1.12982;1.12982
2025.04.24 14:11;1.12982;1.12984;1.12973;1.12973
2025.04.24 14:12;1.12974;1.12980;1.12948;1.12963
2025.04.24 14:13;1.12965;1.12981;1.12960;1.12979
2025.04.24 14:14;1.12981;1.12983;1.12975;1.12977
2025.04.24 14:15;1.12977;1.12978;1.12967;1.12972
2025.04.24 14:16;1.12972;1.12973;1.12961;1.12961
2025.04.24 14:17;1.12960;1.12962;1.12955;1.12960
2025.04.24 14:18;1.12961;1.12963;1.12955;1.12959
2025.04.24 14:19;1.12959;1.12977;1.12959;1.12973
2025.04.24 14:20;1.12973;1.12974;1.12967;1.12967
2025.04.24 14:21;1.12968;1.12987;1.12967;1.12980
2025.04.24 14:22;1.12980;1.13012;1.12978;1.13012
2025.04.24 14:23;1.13011;1.13031;1.13009;1.13030
2025.04.24 14:24;1.13029;1.13032;1.13018;1.13023
2025.04.24 14:25;1.13024;1.13032;1.13018;1.13024
2025.04.24 14:26;1.13023;1.13033;1.13014;1.13030
2025.04.24 14:27;1.13030;1.13030;1.13004;1.13004
2025.04.24 14:28;1.13005;1.13010;1.12997;1.13008
2025.04.24 14:29;1.13009;1.13009;1.12990;1.12990
2025.04.24 14:30;1.12990;1.12992;1.12977;1.12980
2025.04.24 14:31;1.12980;1.12981;1.12972;1.12978
2025.04.24 14:32;1.12978;1.12987;1.12977;1.12984
2025.04.24 14:33;1.12984;1.12988;1.12971;1.12972
2025.04.24 14:34;1.12971;1.12973;1.12964;1.12967
2025.04.24 14:35;1.12968;1.12969;1.12955;1.12965
2025.04.24 14:36;1.12964;1.12964;1.12950;1.12954
2025.04.24 14:37;1.12955;1.12957;1.12947;1.12954
2025.04.24 14:38;1.12954;1.12957;1.12947;1.12952
2025.04.24 14:39;1.12953;1.12966;1.12953;1.12954
2025.04.24 14:40;1.12954;1.12956;1.12930;1.12955
2025.04.24 14:41;1.12954;1.12970;1.12954;1.12968
2025.04.24 14:42;1.12968;1.12971;1.12965;1.12969
2025.04.24 14:43;1.12969;1.12973;1.12966;1.12971
2025.04.24 14:44;1.12972;1.12981;1.12970;1.12979
2025.04.24 14:45;1.12980;1.12983;1.12978;1.12981
2025.04.24 14:46;1.12981;1.12981;1.12970;1.12980
2025.04.24 14:47;1.12980;1.12981;1.12969;1.12973
2025.04.24 14:48;1.12973;1.12982;1.12973;1.12980
2025.04.24 14:49;1.12979;1.12981;1.12976;1.12977
2025.04.24 14:50;1.12977;1.12977;1.12967;1.12969
2025.04.24 14:51;1.12969;1.12973;1.12967;1.12972
2025.04.24 14:52;1.12972;1.12980;1.12967;1.12969
2025.04.24 14:53;1.12968;1.12969;1.12966;1.12967
2025.04.24 14:54;1.12968;1.12970;1.12965;1.12966
2025.04.24 14:55;1.12966;1.12968;1.12957;1.12962
2025.04.24 14:56;1.12963;1.12963;1.12946;1.12947
2025.04.24 14:57;1.12947;1.12949;1.12937;1.12938
2025.04.24 14:58;1.12938;1.12941;1.12934;1.12939
2025.04.24 14:59;1.12938;1.12942;1.12934;1.12941
2025.04.24 15:00;1.12941;1.12950;1.12939;1.12942
2025.04.24 15:01;1.12942;1.12958;1.12941;1.12947
2025.04.24 15:02;1.12948;1.12948;1.12942;1.12946
2025.04.24 15:03;1.12947;1.12956;1.12947;1.12954
2025.04.24 15:04;1.12957;1.12967;1.12957;1.12963
2025.04.24 15:05;1.12964;1.12968;1.12962;1.12968
2025.04.24 15:06;1.12967;1.12971;1.12966;1.12970
2025.04.24 15:07;1.12970;1.12986;1.12970;1.12984
2025.04.24 15:08;1.12984;1.12984;1.12976;1.12978
2025.04.24 15:09;1.12979;1.12982;1.12948;1.12950
2025.04.24 15:10;1.12950;1.12951;1.12942;1.12947
2025.04.24 15:11;1.12947;1.12952;1.12946;1.12948
2025.04.24 15:12;1.12949;1.12960;1.12948;1.12954
2025.04.24 15:13;1.12955;1.12962;1.12953;1.12962
2025.04.24 15:14;1.12962;1.12962;1.12952;1.12953
2025.04.24 15:15;1.12953;1.12954;1.12941;1.12945
2025.04.24 15:16;1.12945;1.12988;1.12943;1.12976
2025.04.24 15:17;1.12976;1.12981;1.12971;1.12981
2025.04.24 15:18;1.12981;1.12999;1.12981;1.12992
2025.04.24 15:19;1.12993;1.12999;1.12992;1.12996
2025.04.24 15:20;1.12996;1.13006;1.12991;1.12992
2025.04.24 15:21;1.12992;1.12993;1.12989;1.12991
2025.04.24 15:22;1.12992;1.13016;1.12991;1.13015
2025.04.24 15:23;1.13015;1.13044;1.13013;1.13041
2025.04.24 15:24;1.13041;1.13063;1.13040;1.13058
2025.04.24 15:25;1.13059;1.13084;1.13055;1.13070
2025.04.24 15:26;1.13070;1.13077;1.13069;1.13072
2025.04.24 15:27;1.13073;1.13083;1.13063;1.13079
2025.04.24 15:28;1.13079;1.13088;1.13070;1.13078
2025.04.24 15:29;1.13078;1.13081;1.13062;1.13081
2025.04.24 15:30;1.13081;1.13093;1.13075;1.13088
2025.04.24 15:31;1.13088;1.13088;1.13076;1.13080
2025.04.24 15:32;1.13078;1.13107;1.13074;1.13105
2025.04.24 15:33;1.13105;1.13124;1.13104;1.13114
2025.04.24 15:34;1.13114;1.13119;1.13106;1.13107
2025.04.24 15:35;1.13107;1.13109;1.13102;1.13103
2025.04.24 15:36;1.13102;1.13120;1.13096;1.13116
2025.04.24 15:37;1.13116;1.13133;1.13113;1.13118
2025.04.24 15:38;1.13118;1.13138;1.13117;1.13135
2025.04.24 15:39;1.13136;1.13137;1.13111;1.13118
2025.04.24 15:40;1.13118;1.13132;1.13115;1.13130
2025.04.24 15:41;1.13128;1.13130;1.13104;1.13105
2025.04.24 15:42;1.13105;1.13117;1.13105;1.13116
2025.04.24 15:43;1.13117;1.13121;1.13107;1.13121
2025.04.24 15:44;1.13121;1.13124;1.13110;1.13111
2025.04.24 15:45;1.13111;1.13111;1.13084;1.13086
2025.04.24 15:46;1.13086;1.13093;1.13081;1.13090
2025.04.24 15:47;1.13089;1.13093;1.13084;1.13088
2025.04.24 15:48;1.13089;1.13093;1.13083;1.13084
2025.04.24 15:49;1.13085;1.13089;1.13082;1.13083
2025.04.24 15:50;1.13085;1.13085;1.13076;1.13082
2025.04.24 15:51;1.13082;1.13090;1.13079;1.13083
2025.04.24 15:52;1.13083;1.13118;1.13080;1.13116
2025.04.24 15:53;1.13116;1.13142;1.13115;1.13138
2025.04.24 15:54;1.13137;1.13140;1.13132;1.13136
2025.04.24 15:55;1.13136;1.13144;1.13132;1.13141
2025.04.24 15:56;1.13141;1.13150;1.13136;1.13150
2025.04.24 15:57;1.13150;1.13156;1.13123;1.13127
2025.04.24 15:58;1.13127;1.13140;1.13123;1.13135
2025.04.24 15:59;1.13134;1.13138;1.13123;1.13128
2025.04.24 16:00;1.13128;1.13129;1.13106;1.13107
2025.04.24 16:01;1.13108;1.13120;1.13096;1.13103
2025.04.24 16:02;1.13103;1.13105;1.13083;1.13088
2025.04.24 16:03;1.13089;1.13109;1.13078;1.13096
2025.04.24 16:04;1.13096;1.13096;1.13077;1.13091
2025.04.24 16:05;1.13092;1.13108;1.13091;1.13105
2025.04.24 16:06;1.13104;1.13111;1.13090;1.13096
2025.04.24 16:07;1.13095;1.13096;1.13081;1.13083
2025.04.24 16:08;1.13082;1.13092;1.13079;1.13084
2025.04.24 16:09;1.13083;1.13090;1.13078;1.13078
2025.04.24 16:10;1.13078;1.13079;1.13055;1.13063
2025.04.24 16:11;1.13063;1.13067;1.13054;1.13060
2025.04.24 16:12;1.13060;1.13064;1.13053;1.13063
2025.04.24 16:13;1.13062;1.13072;1.13058;1.13070
2025.04.24 16:14;1.13069;1.13078;1.13060;1.13069
2025.04.24 16:15;1.13070;1.13079;1.13061;1.13066
2025.04.24 16:16;1.13066;1.13084;1.13048;1.13083
2025.04.24 16:17;1.13082;1.13082;1.13070;1.13073
2025.04.24 16:18;1.13073;1.13084;1.13073;1.13081
2025.04.24 16:19;1.13082;1.13092;1.13078;1.13089
2025.04.24 16:20;1.13089;1.13100;1.13089;1.13100
2025.04.24 16:21;1.13100;1.13133;1.13098;1.13114
2025.04.24 16:22;1.13114;1.13139;1.13107;1.13139
2025.04.24 16:23;1.13138;1.13139;1.13111;1.13119
2025.04.24 16:24;1.13118;1.13119;1.13077;1.13078
2025.04.24 16:25;1.13078;1.13089;1.13077;1.13080
2025.04.24 16:26;1.13079;1.13098;1.13067;1.13068
2025.04.24 16:27;1.13068;1.13083;1.13067;1.13079
2025.04.24 16:28;1.13079;1.13090;1.13079;1.13087
2025.04.24 16:29;1.13087;1.13089;1.13080;1.13084
2025.04.24 16:30;1.13084;1.13084;1.13073;1.13075
2025.04.24 16:31;1.13075;1.13077;1.13059;1.13074
2025.04.24 16:32;1.13073;1.13075;1.13055;1.13059
2025.04.24 16:33;1.13058;1.13058;1.13054;1.13056
2025.04.24 16:34;1.13056;1.13072;1.13054;1.13070
2025.04.24 16:35;1.13071;1.13078;1.13066;1.13067
2025.04.24 16:36;1.13068;1.13074;1.13057;1.13060
2025.04.24 16:37;1.13061;1.13075;1.13059;1.13069
2025.04.24 16:38;1.13069;1.13079;1.13069;1.13070
2025.04.24 16:39;1.13070;1.13079;1.13043;1.13045
2025.04.24 16:40;1.13045;1.13067;1.13045;1.13065
2025.04.24 16:41;1.13065;1.13072;1.13058;1.13066
2025.04.24 16:42;1.13067;1.13070;1.13057;1.13060
2025.04.24 16:43;1.13059;1.13065;1.13050;1.13054
2025.04.24 16:44;1.13054;1.13063;1.13034;1.13039
2025.04.24 16:45;1.13039;1.13045;1.13038;1.13038
2025.04.24 16:46;1.13038;1.13047;1.13013;1.13016
2025.04.24 16:47;1.13016;1.13029;1.13016;1.13018
2025.04.24 16:48;1.13018;1.13030;1.13018;1.13022
2025.04.24 16:49;1.13023;1.13023;1.13014;1.13021
2025.04.24 16:50;1.13021;1.13023;1.13012;1.13017
2025.04.24 16:51;1.13018;1.13025;1.13017;1.13023
2025.04.24 16:52;1.13023;1.13042;1.13013;1.13032
2025.04.24 16:53;1.13032;1.13033;1.13013;1.13014
2025.04.24 16:54;1.13016;1.13024;1.13012;1.13022
2025.04.24 16:55;1.13023;1.13037;1.13019;1.13035
2025.04.24 16:56;1.13035;1.13036;1.13029;1.13029
2025.04.24 16:57;1.13029;1.13035;1.13028;1.13030
2025.04.24 16:58;1.13031;1.13040;1.13024;1.13040
2025.04.24 16:59;1.13040;1.13041;1.13035;1.13041
2025.04.24 17:00;1.13041;1.13049;1.13023;1.13027
2025.04.24 17:01;1.13027;1.13043;1.13025;1.13042
2025.04.24 17:02;1.13042;1.13042;1.13033;1.13033
2025.04.24 17:03;1.13033;1.13035;1.13028;1.13034
2025.04.24 17:04;1.13034;1.13052;1.13034;1.13049
2025.04.24 17:05;1.13050;1.13053;1.13047;1.13049
2025.04.24 17:06;1.13049;1.13059;1.13048;1.13053
2025.04.24 17:07;1.13054;1.13065;1.13052;1.13060
2025.04.24 17:08;1.13064;1.13065;1.13054;1.13058
2025.04.24 17:09;1.13058;1.13082;1.13048;1.13081
2025.04.24 17:10;1.13081;1.13097;1.13080;1.13095
2025.04.24 17:11;1.13095;1.13103;1.13089;1.13093
2025.04.24 17:12;1.13092;1.13096;1.13071;1.13073
2025.04.24 17:13;1.13073;1.13078;1.13057;1.13065
2025.04.24 17:14;1.13064;1.13066;1.13055;1.13057
2025.04.24 17:15;1.13058;1.13063;1.13056;1.13063
2025.04.24 17:16;1.13062;1.13063;1.13053;1.13063
2025.04.24 17:17;1.13063;1.13068;1.13060;1.13064
2025.04.24 17:18;1.13064;1.13069;1.13064;1.13067
2025.04.24 17:19;1.13068;1.13074;1.13063;1.13067
2025.04.24 17:20;1.13067;1.13067;1.13058;1.13064
2025.04.24 17:21;1.13063;1.13076;1.13063;1.13072
2025.04.24 17:22;1.13072;1.13079;1.13068;1.13068
2025.04.24 17:23;1.13066;1.13078;1.13066;1.13072
2025.04.24 17:24;1.13072;1.13078;1.13070;1.13075
2025.04.24 17:25;1.13075;1.13086;1.13057;1.13067
2025.04.24 17:26;1.13067;1.13078;1.13063;1.13077
2025.04.24 17:27;1.13077;1.13101;1.13074;1.13098
2025.04.24 17:28;1.13098;1.13115;1.13097;1.13110
2025.04.24 17:29;1.13110;1.13116;1.13109;1.13110
2025.04.24 17:30;1.13110;1.13114;1.13085;1.13093
2025.04.24 17:31;1.13093;1.13109;1.13089;1.13104
2025.04.24 17:32;1.13105;1.13118;1.13102;1.13102
2025.04.24 17:33;1.13103;1.13116;1.13102;1.13115
2025.04.24 17:34;1.13114;1.13130;1.13114;1.13115
2025.04.24 17:35;1.13115;1.13132;1.13111;1.13125
2025.04.24 17:36;1.13125;1.13129;1.13098;1.13099
2025.04.24 17:37;1.13099;1.13102;1.13089;1.13097
2025.04.24 17:38;1.13097;1.13103;1.13093;1.13099
2025.04.24 17:39;1.13108;1.13108;1.13094;1.13095
2025.04.24 17:40;1.13095;1.13104;1.13095;1.13104
2025.04.24 17:41;1.13109;1.13109;1.13096;1.13105
2025.04.24 17:42;1.13105;1.13105;1.13096;1.13097
2025.04.24 17:43;1.13097;1.13098;1.13087;1.13089
2025.04.24 17:44;1.13089;1.13099;1.13087;1.13096
2025.04.24 17:45;1.13096;1.13110;1.13094;1.13098
2025.04.24 17:46;1.13098;1.13104;1.13074;1.13078
2025.04.24 17:47;1.13078;1.13078;1.13050;1.13051
2025.04.24 17:48;1.13048;1.13050;1.13037;1.13039
2025.04.24 17:49;1.13039;1.13056;1.13038;1.13050
2025.04.24 17:50;1.13050;1.13069;1.13050;1.13059
2025.04.24 17:51;1.13058;1.13068;1.13057;1.13061
2025.04.24 17:52;1.13061;1.13084;1.13054;1.13081
2025.04.24 17:53;1.13080;1.13082;1.13070;1.13072
2025.04.24 17:54;1.13072;1.13090;1.13067;1.13090
2025.04.24 17:55;1.13090;1.13135;1.13090;1.13131
2025.04.24 17:56;1.13132;1.13141;1.13122;1.13123
2025.04.24 17:57;1.13123;1.13130;1.13104;1.13113
2025.04.24 17:58;1.13114;1.13116;1.13089;1.13089
2025.04.24 17:59;1.13089;1.13092;1.13077;1.13079
2025.04.24 18:00;1.13079;1.13080;1.13059;1.13074
2025.04.24 18:01;1.13074;1.13103;1.13066;1.13090
2025.04.24 18:02;1.13090;1.13123;1.13088;1.13123
2025.04.24 18:03;1.13129;1.13139;1.13120;1.13139
2025.04.24 18:04;1.13138;1.13144;1.13118;1.13135
2025.04.24 18:05;1.13136;1.13167;1.13131;1.13142
2025.04.24 18:06;1.13142;1.13164;1.13142;1.13157
2025.04.24 18:07;1.13157;1.13177;1.13153;1.13167
2025.04.24 18:08;1.13167;1.13188;1.13155;1.13185
2025.04.24 18:09;1.13185;1.13191;1.13175;1.13189
2025.04.24 18:10;1.13189;1.13196;1.13173;1.13183
2025.04.24 18:11;1.13183;1.13189;1.13172;1.13182
2025.04.24 18:12;1.13182;1.13192;1.13152;1.13157
2025.04.24 18:13;1.13157;1.13161;1.13148;1.13157
2025.04.24 18:14;1.13158;1.13170;1.13147;1.13148
2025.04.24 18:15;1.13148;1.13170;1.13140;1.13170
2025.04.24 18:16;1.13170;1.13179;1.13163;1.13168
2025.04.24 18:17;1.13168;1.13194;1.13168;1.13193
2025.04.24 18:18;1.13193;1.13215;1.13186;1.13214
2025.04.24 18:19;1.13215;1.13253;1.13204;1.13248
2025.04.24 18:20;1.13248;1.13260;1.13244;1.13259
2025.04.24 18:21;1.13264;1.13267;1.13244;1.13254
2025.04.24 18:22;1.13254;1.13280;1.13253;1.13275
2025.04.24 18:23;1.13275;1.13290;1.13275;1.13280
2025.04.24 18:24;1.13280;1.13292;1.13273;1.13283
2025.04.24 18:25;1.13283;1.13284;1.13255;1.13258
2025.04.24 18:26;1.13258;1.13263;1.13240;1.13251
2025.04.24 18:27;1.13251;1.13265;1.13245;1.13263
2025.04.24 18:28;1.13263;1.13277;1.13251;1.13251
2025.04.24 18:29;1.13249;1.13278;1.13248;1.13273
2025.04.24 18:30;1.13273;1.13285;1.13267;1.13274
2025.04.24 18:31;1.13274;1.13290;1.13274;1.13289
2025.04.24 18:32;1.13290;1.13292;1.13260;1.13269
2025.04.24 18:33;1.13269;1.13275;1.13252;1.13271
2025.04.24 18:34;1.13273;1.13279;1.13253;1.13279
2025.04.24 18:35;1.13278;1.13288;1.13254;1.13268
2025.04.24 18:36;1.13268;1.13274;1.13261;1.13261
2025.04.24 18:37;1.13260;1.13262;1.13226;1.13238
2025.04.24 18:38;1.13238;1.13244;1.13229;1.13233
2025.04.24 18:39;1.13234;1.13243;1.13226;1.13234
2025.04.24 18:40;1.13234;1.13237;1.13217;1.13220
2025.04.24 18:41;1.13220;1.13229;1.13217;1.13220
2025.04.24 18:42;1.13220;1.13226;1.13200;1.13202
2025.04.24 18:43;1.13202;1.13203;1.13190;1.13201
2025.04.24 18:44;1.13200;1.13220;1.13199;1.13213
2025.04.24 18:45;1.13213;1.13215;1.13176;1.13185
2025.04.24 18:46;1.13185;1.13220;1.13185;1.13212
2025.04.24 18:47;1.13212;1.13237;1.13206;1.13237
2025.04.24 18:48;1.13237;1.13260;1.13217;1.13221
2025.04.24 18:49;1.13221;1.13245;1.13221;1.13234
2025.04.24 18:50;1.13234;1.13241;1.13230;1.13238
2025.04.24 18:51;1.13238;1.13271;1.13237;1.13270
2025.04.24 18:52;1.13270;1.13291;1.13268;1.13278
2025.04.24 18:53;1.13278;1.13284;1.13245;1.13245
2025.04.24 18:54;1.13245;1.13247;1.13225;1.13227
2025.04.24 18:55;1.13227;1.13229;1.13219;1.13224
2025.04.24 18:56;1.13224;1.13234;1.13218;1.13230
2025.04.24 18:57;1.13230;1.13248;1.13229;1.13242
2025.04.24 18:58;1.13242;1.13247;1.13233;1.13234
2025.04.24 18:59;1.13234;1.13258;1.13228;1.13257
2025.04.24 19:00;1.13257;1.13275;1.13224;1.13235
2025.04.24 19:01;1.13235;1.13259;1.13233;1.13252
2025.04.24 19:02;1.13253;1.13253;1.13224;1.13236
2025.04.24 19:03;1.13236;1.13259;1.13218;1.13254
2025.04.24 19:04;1.13255;1.13273;1.13251;1.13266
2025.04.24 19:05;1.13266;1.13278;1.13266;1.13267
2025.04.24 19:06;1.13266;1.13309;1.13260;1.13298
2025.04.24 19:07;1.13298;1.13298;1.13281;1.13295
2025.04.24 19:08;1.13295;1.13313;1.13287;1.13298
2025.04.24 19:09;1.13299;1.13305;1.13286;1.13291
2025.04.24 19:10;1.13291;1.13318;1.13291;1.13304
2025.04.24 19:11;1.13304;1.13308;1.13291;1.13298
2025.04.24 19:12;1.13299;1.13309;1.13284;1.13287
2025.04.24 19:13;1.13285;1.13286;1.13256;1.13256
2025.04.24 19:14;1.13256;1.13269;1.13245;1.13254
2025.04.24 19:15;1.13253;1.13261;1.13249;1.13251
2025.04.24 19:16;1.13250;1.13263;1.13248;1.13254
2025.04.24 19:17;1.13254;1.13299;1.13253;1.13291
2025.04.24 19:18;1.13291;1.13294;1.13276;1.13280
2025.04.24 19:19;1.13280;1.13284;1.13269;1.13273
2025.04.24 19:20;1.13272;1.13273;1.13248;1.13256
2025.04.24 19:21;1.13256;1.13257;1.13234;1.13239
2025.04.24 19:22;1.13239;1.13239;1.13211;1.13212
2025.04.24 19:23;1.13212;1.13213;1.13183;1.13197
2025.04.24 19:24;1.13197;1.13208;1.13194;1.13207
2025.04.24 19:25;1.13207;1.13217;1.13187;1.13214
2025.04.24 19:26;1.13214;1.13219;1.13182;1.13186
2025.04.24 19:27;1.13186;1.13212;1.13184;1.13203
2025.04.24 19:28;1.13203;1.13224;1.13202;1.13218
2025.04.24 19:29;1.13218;1.13223;1.13207;1.13209
2025.04.24 19:30;1.13210;1.13218;1.13174;1.13193
2025.04.24 19:31;1.13193;1.13208;1.13183;1.13184
2025.04.24 19:32;1.13183;1.13197;1.13181;1.13192
2025.04.24 19:33;1.13194;1.13230;1.13188;1.13227
2025.04.24 19:34;1.13228;1.13254;1.13221;1.13249
2025.04.24 19:35;1.13248;1.13254;1.13227;1.13233
2025.04.24 19:36;1.13233;1.13255;1.13224;1.13246
2025.04.24 19:37;1.13246;1.13248;1.13211;1.13217
2025.04.24 19:38;1.13219;1.13225;1.13205;1.13218
2025.04.24 19:39;1.13216;1.13255;1.13216;1.13245
2025.04.24 19:40;1.13245;1.13259;1.13241;1.13255
2025.04.24 19:41;1.13255;1.13260;1.13236;1.13248
2025.04.24 19:42;1.13250;1.13277;1.13249;1.13276
2025.04.24 19:43;1.13276;1.13297;1.13276;1.13296
2025.04.24 19:44;1.13296;1.13297;1.13276;1.13282
2025.04.24 19:45;1.13283;1.13294;1.13262;1.13269
2025.04.24 19:46;1.13270;1.13274;1.13250;1.13271
2025.04.24 19:47;1.13272;1.13273;1.13251;1.13254
2025.04.24 19:48;1.13253;1.13288;1.13249;1.13286
2025.04.24 19:49;1.13286;1.13303;1.13284;1.13294
2025.04.24 19:50;1.13293;1.13312;1.13274;1.13299
2025.04.24 19:51;1.13299;1.13333;1.13299;1.13332
2025.04.24 19:52;1.13332;1.13337;1.13319;1.13331
2025.04.24 19:53;1.13331;1.13342;1.13327;1.13329
2025.04.24 19:54;1.13329;1.13339;1.13314;1.13328
2025.04.24 19:55;1.13328;1.13348;1.13327;1.13342
2025.04.24 19:56;1.13342;1.13374;1.13342;1.13361
2025.04.24 19:57;1.13361;1.13378;1.13355;1.13357
2025.04.24 19:58;1.13355;1.13356;1.13310;1.13310
2025.04.24 19:59;1.13312;1.13312;1.13283;1.13283
2025.04.24 20:00;1.13283;1.13284;1.13250;1.13253
2025.04.24 20:01;1.13254;1.13279;1.13246;1.13278
2025.04.24 20:02;1.13278;1.13278;1.13244;1.13251
2025.04.24 20:03;1.13251;1.13275;1.13237;1.13273
2025.04.24 20:04;1.13274;1.13278;1.13247;1.13248
2025.04.24 20:05;1.13247;1.13261;1.13236;1.13249
2025.04.24 20:06;1.13249;1.13252;1.13214;1.13214
2025.04.24 20:07;1.13213;1.13216;1.13194;1.13200
2025.04.24 20:08;1.13200;1.13208;1.13189;1.13198
2025.04.24 20:09;1.13197;1.13206;1.13184;1.13202
2025.04.24 20:10;1.13201;1.13216;1.13197;1.13204
2025.04.24 20:11;1.13205;1.13207;1.13182;1.13192
2025.04.24 20:12;1.13195;1.13221;1.13194;1.13198
2025.04.24 20:13;1.13198;1.13198;1.13182;1.13186
2025.04.24 20:14;1.13186;1.13186;1.13160;1.13171
2025.04.24 20:15;1.13172;1.13194;1.13163;1.13189
2025.04.24 20:16;1.13189;1.13202;1.13188;1.13199
2025.04.24 20:17;1.13199;1.13210;1.13194;1.13195
2025.04.24 20:18;1.13195;1.13197;1.13182;1.13194
2025.04.24 20:19;1.13193;1.13214;1.13190;1.13197
2025.04.24 20:20;1.13196;1.13208;1.13193;1.13208
2025.04.24 20:21;1.13207;1.13224;1.13202;1.13223
2025.04.24 20:22;1.13223;1.13223;1.13196;1.13217
2025.04.24 20:23;1.13217;1.13225;1.13202;1.13219
2025.04.24 20:24;1.13218;1.13249;1.13208;1.13249
2025.04.24 20:25;1.13249;1.13254;1.13230;1.13243
2025.04.24 20:26;1.13243;1.13263;1.13241;1.13243
2025.04.24 20:27;1.13243;1.13264;1.13233;1.13246
2025.04.24 20:28;1.13245;1.13269;1.13243;1.13264
2025.04.24 20:29;1.13264;1.13270;1.13255;1.13258
2025.04.24 20:30;1.13258;1.13267;1.13245;1.13260
2025.04.24 20:31;1.13260;1.13283;1.13255;1.13282
2025.04.24 20:32;1.13283;1.13285;1.13271;1.13272
2025.04.24 20:33;1.13273;1.13294;1.13269;1.13292
2025.04.24 20:34;1.13293;1.13305;1.13283;1.13305
2025.04.24 20:35;1.13304;1.13309;1.13292;1.13298
2025.04.24 20:36;1.13298;1.13305;1.13279;1.13286
2025.04.24 20:37;1.13286;1.13299;1.13276;1.13299
2025.04.24 20:38;1.13299;1.13315;1.13294;1.13300
2025.04.24 20:39;1.13301;1.13301;1.13281;1.13298
2025.04.24 20:40;1.13298;1.13305;1.13291;1.13296
2025.04.24 20:41;1.13295;1.13313;1.13288;1.13298
2025.04.24 20:42;1.13298;1.13318;1.13288;1.13290
2025.04.24 20:43;1.13290;1.13296;1.13286;1.13290
2025.04.24 20:44;1.13290;1.13320;1.13282;1.13306
2025.04.24 20:45;1.13306;1.13323;1.13301;1.13301
2025.04.24 20:46;1.13300;1.13320;1.13286;1.13304
2025.04.24 20:47;1.13304;1.13321;1.13303;1.13316
2025.04.24 20:48;1.13317;1.13317;1.13293;1.13302
2025.04.24 20:49;1.13302;1.13330;1.13302;1.13325
2025.04.24 20:50;1.13325;1.13349;1.13318;1.13346
2025.04.24 20:51;1.13346;1.13348;1.13323;1.13332
2025.04.24 20:52;1.13333;1.13340;1.13318;1.13325
2025.04.24 20:53;1.13325;1.13334;1.13321;1.13329
2025.04.24 20:54;1.13329;1.13337;1.13309;1.13318
2025.04.24 20:55;1.13317;1.13328;1.13310;1.13311
2025.04.24 20:56;1.13312;1.13325;1.13309;1.13317
2025.04.24 20:57;1.13318;1.13340;1.13315;1.13340
2025.04.24 20:58;1.13342;1.13346;1.13330;1.13340
2025.04.24 20:59;1.13341;1.13345;1.13290;1.13302
2025.04.24 21:00;1.13303;1.13346;1.13302;1.13339
2025.04.24 21:01;1.13339;1.13352;1.13335;1.13342
2025.04.24 21:02;1.13341;1.13342;1.13307;1.13309
2025.04.24 21:03;1.13309;1.13318;1.13296;1.13298
2025.04.24 21:04;1.13297;1.13313;1.13294;1.13298
2025.04.24 21:05;1.13298;1.13307;1.13286;1.13287
2025.04.24 21:06;1.13285;1.13287;1.13267;1.13269
2025.04.24 21:07;1.13269;1.13290;1.13263;1.13285
2025.04.24 21:08;1.13285;1.13300;1.13279;1.13292
2025.04.24 21:09;1.13291;1.13314;1.13291;1.13306
2025.04.24 21:10;1.13307;1.13307;1.13280;1.13300
2025.04.24 21:11;1.13301;1.13310;1.13292;1.13294
2025.04.24 21:12;1.13294;1.13294;1.13262;1.13273
2025.04.24 21:13;1.13273;1.13285;1.13273;1.13284
2025.04.24 21:14;1.13284;1.13284;1.13263;1.13278
2025.04.24 21:15;1.13278;1.13298;1.13275;1.13293
2025.04.24 21:16;1.13291;1.13293;1.13273;1.13277
2025.04.24 21:17;1.13277;1.13290;1.13258;1.13283
2025.04.24 21:18;1.13283;1.13285;1.13275;1.13280
2025.04.24 21:19;1.13280;1.13286;1.13269;1.13275
2025.04.24 21:20;1.13276;1.13286;1.13260;1.13285
2025.04.24 21:21;1.13285;1.13286;1.13275;1.13275
2025.04.24 21:22;1.13275;1.13290;1.13273;1.13284
2025.04.24 21:23;1.13284;1.13295;1.13268;1.13275
2025.04.24 21:24;1.13275;1.13299;1.13274;1.13287
2025.04.24 21:25;1.13286;1.13286;1.13269;1.13273
2025.04.24 21:26;1.13273;1.13301;1.13273;1.13299
2025.04.24 21:27;1.13299;1.13303;1.13253;1.13264
2025.04.24 21:28;1.13263;1.13304;1.13263;1.13293
2025.04.24 21:29;1.13293;1.13309;1.13292;1.13308
2025.04.24 21:30;1.13308;1.13325;1.13301;1.13323
2025.04.24 21:31;1.13324;1.13359;1.13319;1.13355
2025.04.24 21:32;1.13355;1.13375;1.13354;1.13373
2025.04.24 21:33;1.13373;1.13382;1.13355;1.13381
2025.04.24 21:34;1.13380;1.13389;1.13373;1.13387
2025.04.24 21:35;1.13388;1.13390;1.13373;1.13379
2025.04.24 21:36;1.13378;1.13384;1.13368;1.13378
2025.04.24 21:37;1.13379;1.13392;1.13375;1.13389
2025.04.24 21:38;1.13389;1.13419;1.13387;1.13419
2025.04.24 21:39;1.13425;1.13476;1.13424;1.13456
2025.04.24 21:40;1.13457;1.13464;1.13447;1.13454
2025.04.24 21:41;1.13454;1.13486;1.13454;1.13484
2025.04.24 21:42;1.13484;1.13487;1.13449;1.13474
2025.04.24 21:43;1.13474;1.13475;1.13444;1.13445
2025.04.24 21:44;1.13446;1.13504;1.13443;1.13479
2025.04.24 21:45;1.13478;1.13494;1.13465;1.13472
2025.04.24 21:46;1.13472;1.13477;1.13457;1.13463
2025.04.24 21:47;1.13463;1.13479;1.13459;1.13474
2025.04.24 21:48;1.13474;1.13487;1.13469;1.13485
2025.04.24 21:49;1.13484;1.13519;1.13478;1.13504
2025.04.24 21:50;1.13505;1.13533;1.13502;1.13517
2025.04.24 21:51;1.13518;1.13533;1.13510;1.13527
2025.04.24 21:52;1.13527;1.13552;1.13521;1.13533
2025.04.24 21:53;1.13534;1.13542;1.13516;1.13522
2025.04.24 21:54;1.13521;1.13528;1.13500;1.13510
2025.04.24 21:55;1.13507;1.13510;1.13476;1.13481
2025.04.24 21:56;1.13480;1.13484;1.13464;1.13483
2025.04.24 21:57;1.13482;1.13528;1.13479;1.13502
2025.04.24 21:58;1.13502;1.13505;1.13476;1.13476
2025.04.24 21:59;1.13476;1.13511;1.13475;1.13502
2025.04.24 22:00;1.13502;1.13504;1.13477;1.13492
2025.04.24 22:01;1.13493;1.13494;1.13465;1.13465
2025.04.24 22:02;1.13465;1.13481;1.13459;1.13461
2025.04.24 22:03;1.13461;1.13482;1.13460;1.13472
2025.04.24 22:04;1.13471;1.13497;1.13469;1.13496
2025.04.24 22:05;1.13496;1.13512;1.13493;1.13509
2025.04.24 22:06;1.13509;1.13519;1.13483;1.13502
2025.04.24 22:07;1.13501;1.13510;1.13495;1.13505
2025.04.24 22:08;1.13504;1.13505;1.13497;1.13501
2025.04.24 22:09;1.13501;1.13503;1.13455;1.13455
2025.04.24 22:10;1.13455;1.13462;1.13444;1.13455
2025.04.24 22:11;1.13455;1.13477;1.13452;1.13470
2025.04.24 22:12;1.13470;1.13493;1.13468;1.13475
2025.04.24 22:13;1.13475;1.13479;1.13468;1.13472
2025.04.24 22:14;1.13472;1.13472;1.13444;1.13449
2025.04.24 22:15;1.13449;1.13453;1.13439;1.13452
2025.04.24 22:16;1.13453;1.13453;1.13437;1.13439
2025.04.24 22:17;1.13439;1.13439;1.13424;1.13429
2025.04.24 22:18;1.13429;1.13440;1.13426;1.13431
2025.04.24 22:19;1.13431;1.13445;1.13426;1.13433
2025.04.24 22:20;1.13433;1.13447;1.13427;1.13442
2025.04.24 22:21;1.13441;1.13442;1.13434;1.13442
2025.04.24 22:22;1.13442;1.13442;1.13416;1.13418
2025.04.24 22:23;1.13418;1.13432;1.13418;1.13432
2025.04.24 22:24;1.13431;1.13460;1.13413;1.13458
2025.04.24 22:25;1.13458;1.13458;1.13445;1.13448
2025.04.24 22:26;1.13449;1.13450;1.13427;1.13431
2025.04.24 22:27;1.13431;1.13441;1.13426;1.13435
2025.04.24 22:28;1.13435;1.13441;1.13428;1.13429
2025.04.24 22:29;1.13429;1.13438;1.13420;1.13422
2025.04.24 22:30;1.13422;1.13433;1.13405;1.13405
2025.04.24 22:31;1.13405;1.13408;1.13381;1.13385
2025.04.24 22:32;1.13385;1.13393;1.13379;1.13383
2025.04.24 22:33;1.13383;1.13391;1.13372;1.13377
2025.04.24 22:34;1.13377;1.13385;1.13372;1.13378
2025.04.24 22:35;1.13378;1.13393;1.13359;1.13363
2025.04.24 22:36;1.13364;1.13373;1.13361;1.13366
2025.04.24 22:37;1.13366;1.13372;1.13355;1.13369
2025.04.24 22:38;1.13369;1.13378;1.13358;1.13364
2025.04.24 22:39;1.13364;1.13378;1.13361;1.13374
2025.04.24 22:40;1.13374;1.13374;1.13355;1.13361
2025.04.24 22:41;1.13360;1.13362;1.13346;1.13346
2025.04.24 22:42;1.13345;1.13349;1.13330;1.13330
2025.04.24 22:43;1.13331;1.13334;1.13324;1.13325
2025.04.24 22:44;1.13325;1.13345;1.13311;1.13316
2025.04.24 22:45;1.13316;1.13319;1.13306;1.13311
2025.04.24 22:46;1.13311;1.13311;1.13292;1.13292
2025.04.24 22:47;1.13292;1.13299;1.13278;1.13286
2025.04.24 22:48;1.13286;1.13296;1.13277;1.13295
2025.04.24 22:49;1.13295;1.13304;1.13288;1.13299
2025.04.24 22:50;1.13299;1.13319;1.13298;1.13315
2025.04.24 22:51;1.13315;1.13325;1.13313;1.13319
2025.04.24 22:52;1.13319;1.13329;1.13313;1.13324
2025.04.24 22:53;1.13324;1.13347;1.13324;1.13334
2025.04.24 22:54;1.13334;1.13362;1.13329;1.13360
2025.04.24 22:55;1.13360;1.13360;1.13320;1.13320
2025.04.24 22:56;1.13317;1.13323;1.13300;1.13301
2025.04.24 22:57;1.13301;1.13314;1.13291;1.13311
2025.04.24 22:58;1.13312;1.13323;1.13310;1.13312
2025.04.24 22:59;1.13311;1.13316;1.13297;1.13310
2025.04.24 23:00;1.13310;1.13330;1.13303;1.13326
2025.04.24 23:01;1.13326;1.13331;1.13319;1.13326
2025.04.24 23:02;1.13325;1.13325;1.13293;1.13295
2025.04.24 23:03;1.13295;1.13309;1.13295;1.13302
2025.04.24 23:04;1.13303;1.13308;1.13297;1.13307
2025.04.24 23:05;1.13307;1.13312;1.13284;1.13294
2025.04.24 23:06;1.13293;1.13308;1.13292;1.13302
2025.04.24 23:07;1.13302;1.13309;1.13277;1.13277
2025.04.24 23:08;1.13277;1.13300;1.13273;1.13285
2025.04.24 23:09;1.13285;1.13294;1.13271;1.13294
2025.04.24 23:10;1.13294;1.13304;1.13272;1.13273
2025.04.24 23:11;1.13270;1.13271;1.13243;1.13248
2025.04.24 23:12;1.13248;1.13260;1.13243;1.13259
2025.04.24 23:13;1.13259;1.13259;1.13244;1.13244
2025.04.24 23:14;1.13244;1.13270;1.13244;1.13268
2025.04.24 23:15;1.13268;1.13281;1.13257;1.13280
2025.04.24 23:16;1.13280;1.13286;1.13274;1.13275
2025.04.24 23:17;1.13276;1.13289;1.13273;1.13284
2025.04.24 23:18;1.13285;1.13290;1.13279;1.13287
2025.04.24 23:19;1.13287;1.13300;1.13280;1.13299
2025.04.24 23:20;1.13299;1.13308;1.13279;1.13307
2025.04.24 23:21;1.13307;1.13328;1.13306;1.13326
2025.04.24 23:22;1.13326;1.13349;1.13326;1.13345
2025.04.24 23:23;1.13344;1.13371;1.13340;1.13369
2025.04.24 23:24;1.13369;1.13395;1.13366;1.13378
2025.04.24 23:25;1.13377;1.13393;1.13377;1.13392
2025.04.24 23:26;1.13392;1.13409;1.13392;1.13399
2025.04.24 23:27;1.13399;1.13400;1.13384;1.13388
2025.04.24 23:28;1.13388;1.13390;1.13380;1.13387
2025.04.24 23:29;1.13387;1.13400;1.13384;1.13393
2025.04.24 23:30;1.13392;1.13399;1.13385;1.13397
2025.04.24 23:31;1.13397;1.13403;1.13377;1.13391
2025.04.24 23:32;1.13391;1.13399;1.13383;1.13389
2025.04.24 23:33;1.13389;1.13389;1.13370;1.13372
2025.04.24 23:34;1.13372;1.13387;1.13366;1.13381
2025.04.24 23:35;1.13381;1.13428;1.13366;1.13425
2025.04.24 23:36;1.13423;1.13428;1.13414;1.13426
2025.04.24 23:37;1.13426;1.13446;1.13416;1.13443
2025.04.24 23:38;1.13443;1.13444;1.13432;1.13434
2025.04.24 23:39;1.13434;1.13504;1.13427;1.13500
2025.04.24 23:40;1.13499;1.13500;1.13466;1.13485
2025.04.24 23:41;1.13484;1.13499;1.13433;1.13439
2025.04.24 23:42;1.13438;1.13447;1.13416;1.13416
2025.04.24 23:43;1.13417;1.13424;1.13396;1.13408
2025.04.24 23:44;1.13407;1.13433;1.13397;1.13429
2025.04.24 23:45;1.13429;1.13429;1.13402;1.13408
2025.04.24 23:46;1.13409;1.13422;1.13393;1.13394
2025.04.24 23:47;1.13394;1.13427;1.13382;1.13422
2025.04.24 23:48;1.13422;1.13437;1.13406;1.13434
2025.04.24 23:49;1.13435;1.13440;1.13387;1.13389
2025.04.24 23:50;1.13389;1.13398;1.13382;1.13384
2025.04.24 23:51;1.13389;1.13404;1.13388;1.13403
2025.04.24 23:52;1.13405;1.13418;1.13394;1.13403
2025.04.24 23:53;1.13403;1.13411;1.13391;1.13399
2025.04.24 23:54;1.13399;1.13405;1.13389;1.13397
2025.04.24 23:55;1.13396;1.13407;1.13389;1.13404
2025.04.24 23:56;1.13404;1.13435;1.13393;1.13432
2025.04.24 23:57;1.13432;1.13460;1.13430;1.13450
2025.04.24 23:58;1.13450;1.13464;1.13444;1.13463
2025.04.24 23:59;1.13462;1.13470;1.13457;1.13463
2025.04.25 00:00;1.13463;1.13473;1.13445;1.13463
2025.04.25 00:01;1.13462;1.13463;1.13434;1.13438
2025.04.25 00:02;1.13438;1.13447;1.13423;1.13424
2025.04.25 00:03;1.13423;1.13442;1.13414;1.13425
2025.04.25 00:04;1.13425;1.13433;1.13407;1.13411
2025.04.25 00:05;1.13412;1.13421;1.13402;1.13417
2025.04.25 00:06;1.13416;1.13426;1.13406;1.13418
2025.04.25 00:07;1.13418;1.13430;1.13400;1.13425
2025.04.25 00:08;1.13425;1.13435;1.13421;1.13430
2025.04.25 00:09;1.13429;1.13430;1.13418;1.13426
2025.04.25 00:10;1.13426;1.13428;1.13420;1.13425
2025.04.25 00:11;1.13425;1.13429;1.13403;1.13418
2025.04.25 00:12;1.13418;1.13424;1.13381;1.13388
2025.04.25 00:13;1.13387;1.13400;1.13372;1.13395
2025.04.25 00:14;1.13394;1.13404;1.13368;1.13374
2025.04.25 00:15;1.13373;1.13379;1.13357;1.13359
2025.04.25 00:16;1.13359;1.13374;1.13352;1.13365
2025.04.25 00:17;1.13365;1.13369;1.13344;1.13357
2025.04.25 00:18;1.13357;1.13369;1.13352;1.13369
2025.04.25 00:19;1.13369;1.13394;1.13364;1.13371
2025.04.25 00:20;1.13372;1.13391;1.13364;1.13390
2025.04.25 00:21;1.13390;1.13391;1.13358;1.13367
2025.04.25 00:22;1.13367;1.13368;1.13330;1.13343
2025.04.25 00:23;1.13343;1.13351;1.13332;1.13338
2025.04.25 00:24;1.13337;1.13338;1.13320;1.13322
2025.04.25 00:25;1.13324;1.13328;1.13290;1.13292
2025.04.25 00:26;1.13292;1.13313;1.13270;1.13311
2025.04.25 00:27;1.13310;1.13345;1.13307;1.13344
2025.04.25 00:28;1.13344;1.13372;1.13344;1.13363
2025.04.25 00:29;1.13363;1.13425;1.13338;1.13345
2025.04.25 00:30;1.13345;1.13374;1.12996;1.13076
2025.04.25 00:31;1.13076;1.13239;1.13040;1.13235
2025.04.25 00:32;1.13235;1.13260;1.13180;1.13198
2025.04.25 00:33;1.13198;1.13222;1.13115;1.13119
2025.04.25 00:34;1.13119;1.13181;1.13110;1.13162
2025.04.25 00:35;1.13162;1.13196;1.13109;1.13132
2025.04.25 00:36;1.13132;1.13164;1.13128;1.13134
2025.04.25 00:37;1.13132;1.13289;1.13122;1.13282
2025.04.25 00:38;1.13280;1.13316;1.13258;1.13264
2025.04.25 00:39;1.13263;1.13361;1.13239;1.13345
2025.04.25 00:40;1.13345;1.13345;1.13277;1.13285
2025.04.25 00:41;1.13283;1.13371;1.13275;1.13369
2025.04.25 00:42;1.13369;1.13395;1.13318;1.13329
2025.04.25 00:43;1.13329;1.13334;1.13271;1.13311
2025.04.25 00:44;1.13312;1.13322;1.13279;1.13295
2025.04.25 00:45;1.13292;1.13294;1.13220;1.13231
2025.04.25 00:46;1.13231;1.13260;1.13216;1.13233
2025.04.25 00:47;1.13232;1.13260;1.13186;1.13204
2025.04.25 00:48;1.13204;1.13249;1.13176;1.13243
2025.04.25 00:49;1.13243;1.13265;1.13218;1.13237
2025.04.25 00:50;1.13237;1.13275;1.13233;1.13263
2025.04.25 00:51;1.13263;1.13337;1.13263;1.13336
2025.04.25 00:52;1.13330;1.13347;1.13307;1.13316
2025.04.25 00:53;1.13315;1.13340;1.13309;1.13311
2025.04.25 00:54;1.13305;1.13319;1.13265;1.13300
2025.04.25 00:55;1.13300;1.13300;1.13214;1.13226
2025.04.25 00:56;1.13226;1.13238;1.13190;1.13223
2025.04.25 00:57;1.13222;1.13255;1.13162;1.13165
2025.04.25 00:58;1.13166;1.13198;1.13139;1.13197
2025.04.25 00:59;1.13198;1.13209;1.13184;1.13188
2025.04.25 01:00;1.13188;1.13234;1.13182;1.13212
2025.04.25 01:01;1.13212;1.13223;1.13151;1.13151
2025.04.25 01:02;1.13152;1.13202;1.13145;1.13167
2025.04.25 01:03;1.13167;1.13202;1.13160;1.13170
2025.04.25 01:04;1.13170;1.13205;1.13161;1.13192
2025.04.25 01:05;1.13192;1.13258;1.13183;1.13250
2025.04.25 01:06;1.13253;1.13257;1.13225;1.13240
2025.04.25 01:07;1.13240;1.13271;1.13226;1.13261
2025.04.25 01:08;1.13261;1.13263;1.13205;1.13226
2025.04.25 01:09;1.13226;1.13246;1.13208;1.13228
2025.04.25 01:10;1.13228;1.13306;1.13228;1.13296
2025.04.25 01:11;1.13297;1.13298;1.13251;1.13282
2025.04.25 01:12;1.13283;1.13287;1.13232;1.13245
2025.04.25 01:13;1.13245;1.13259;1.13217;1.13218
2025.04.25 01:14;1.13218;1.13230;1.13197;1.13200
2025.04.25 01:15;1.13200;1.13358;1.13200;1.13348
2025.04.25 01:16;1.13348;1.13349;1.13281;1.13304
2025.04.25 01:17;1.13303;1.13334;1.13287;1.13325
2025.04.25 01:18;1.13326;1.13346;1.13314;1.13346
2025.04.25 01:19;1.13345;1.13346;1.13306;1.13332
2025.04.25 01:20;1.13333;1.13388;1.13333;1.13382
2025.04.25 01:21;1.13383;1.13401;1.13356;1.13390
2025.04.25 01:22;1.13391;1.13420;1.13386;1.13417
2025.04.25 01:23;1.13417;1.13437;1.13403;1.13415
2025.04.25 01:24;1.13416;1.13476;1.13415;1.13472
2025.04.25 01:25;1.13472;1.13487;1.13461;1.13463
2025.04.25 01:26;1.13462;1.13525;1.13462;1.13524
2025.04.25 01:27;1.13525;1.13577;1.13524;1.13557
2025.04.25 01:28;1.13556;1.13572;1.13534;1.13555
2025.04.25 01:29;1.13556;1.13565;1.13473;1.13475
2025.04.25 01:30;1.13476;1.13514;1.13465;1.13484
2025.04.25 01:31;1.13485;1.13490;1.13448;1.13475
2025.04.25 01:32;1.13474;1.13492;1.13464;1.13465
2025.04.25 01:33;1.13465;1.13511;1.13465;1.13503
2025.04.25 01:34;1.13503;1.13508;1.13455;1.13457
2025.04.25 01:35;1.13457;1.13529;1.13452;1.13521
2025.04.25 01:36;1.13521;1.13557;1.13505;1.13553
2025.04.25 01:37;1.13553;1.13626;1.13543;1.13626
2025.04.25 01:38;1.13626;1.13643;1.13612;1.13632
2025.04.25 01:39;1.13632;1.13687;1.13632;1.13684
2025.04.25 01:40;1.13684;1.13712;1.13682;1.13698
2025.04.25 01:41;1.13698;1.13701;1.13635;1.13657
2025.04.25 01:42;1.13658;1.13673;1.13606;1.13618
2025.04.25 01:43;1.13618;1.13658;1.13613;1.13654
2025.04.25 01:44;1.13654;1.13686;1.13636;1.13676
2025.04.25 01:45;1.13675;1.13686;1.13657;1.13685
2025.04.25 01:46;1.13685;1.13700;1.13669;1.13687
2025.04.25 01:47;1.13689;1.13710;1.13663;1.13690
2025.04.25 01:48;1.13690;1.13762;1.13669;1.13759
2025.04.25 01:49;1.13759;1.13777;1.13737;1.13770
2025.04.25 01:50;1.13770;1.13799;1.13766;1.13780
2025.04.25 01:51;1.13780;1.13796;1.13766;1.13780
2025.04.25 01:52;1.13781;1.13791;1.13701;1.13704
2025.04.25 01:53;1.13704;1.13708;1.13656;1.13695
2025.04.25 01:54;1.13695;1.13723;1.13685;1.13712
2025.04.25 01:55;1.13712;1.13724;1.13678;1.13678
2025.04.25 01:56;1.13678;1.13701;1.13654;1.13701
2025.04.25 01:57;1.13701;1.13706;1.13668;1.13670
2025.04.25 01:58;1.13670;1.13696;1.13664;1.13675
2025.04.25 01:59;1.13676;1.13731;1.13676;1.13725
2025.04.25 02:00;1.13724;1.13773;1.13705;1.13755
2025.04.25 02:01;1.13758;1.13811;1.13738;1.13745
2025.04.25 02:02;1.13745;1.13794;1.13727;1.13734
2025.04.25 02:03;1.13734;1.13743;1.13717;1.13722
2025.04.25 02:04;1.13721;1.13735;1.13702;1.13726
2025.04.25 02:05;1.13727;1.13751;1.13678;1.13694
2025.04.25 02:06;1.13694;1.13703;1.13668;1.13671
2025.04.25 02:07;1.13671;1.13699;1.13668;1.13676
2025.04.25 02:08;1.13674;1.13702;1.13666;1.13669
2025.04.25 02:09;1.13672;1.13693;1.13653;1.13668
2025.04.25 02:10;1.13668;1.13685;1.13655;1.13661
2025.04.25 02:11;1.13661;1.13693;1.13657;1.13685
2025.04.25 02:12;1.13685;1.13754;1.13684;1.13713
2025.04.25 02:13;1.13712;1.13728;1.13700;1.13725
2025.04.25 02:14;1.13725;1.13727;1.13682;1.13690
2025.04.25 02:15;1.13691;1.13700;1.13622;1.13632
2025.04.25 02:16;1.13632;1.13640;1.13601;1.13609
2025.04.25 02:17;1.13610;1.13624;1.13601;1.13608
2025.04.25 02:18;1.13608;1.13630;1.13590;1.13621
2025.04.25 02:19;1.13622;1.13647;1.13615;1.13646
2025.04.25 02:20;1.13645;1.13649;1.13616;1.13634
2025.04.25 02:21;1.13636;1.13648;1.13620;1.13630
2025.04.25 02:22;1.13630;1.13634;1.13584;1.13590
2025.04.25 02:23;1.13594;1.13623;1.13594;1.13607
2025.04.25 02:24;1.13607;1.13616;1.13579;1.13611
2025.04.25 02:25;1.13611;1.13632;1.13607;1.13621
2025.04.25 02:26;1.13621;1.13672;1.13621;1.13659
2025.04.25 02:27;1.13661;1.13665;1.13633;1.13634
2025.04.25 02:28;1.13634;1.13639;1.13610;1.13630
2025.04.25 02:29;1.13629;1.13658;1.13620;1.13643
2025.04.25 02:30;1.13643;1.13697;1.13642;1.13685
2025.04.25 02:31;1.13684;1.13701;1.13669;1.13678
2025.04.25 02:32;1.13678;1.13700;1.13661;1.13664
2025.04.25 02:33;1.13664;1.13664;1.13638;1.13644
2025.04.25 02:34;1.13644;1.13644;1.13620;1.13637
2025.04.25 02:35;1.13638;1.13673;1.13621;1.13672
2025.04.25 02:36;1.13670;1.13695;1.13653;1.13690
2025.04.25 02:37;1.13690;1.13701;1.13669;1.13669
2025.04.25 02:38;1.13669;1.13734;1.13669;1.13731
2025.04.25 02:39;1.13731;1.13749;1.13725;1.13742
2025.04.25 02:40;1.13742;1.13744;1.13682;1.13692
2025.04.25 02:41;1.13692;1.13699;1.13663;1.13667
2025.04.25 02:42;1.13667;1.13679;1.13640;1.13656
2025.04.25 02:43;1.13659;1.13664;1.13614;1.13621
2025.04.25 02:44;1.13622;1.13631;1.13600;1.13630
2025.04.25 02:45;1.13630;1.13645;1.13605;1.13609
2025.04.25 02:46;1.13609;1.13615;1.13600;1.13603
2025.04.25 02:47;1.13602;1.13626;1.13600;1.13616
2025.04.25 02:48;1.13615;1.13633;1.13610;1.13620
2025.04.25 02:49;1.13620;1.13634;1.13605;1.13634
2025.04.25 02:50;1.13634;1.13645;1.13603;1.13605
2025.04.25 02:51;1.13607;1.13672;1.13603;1.13647
2025.04.25 02:52;1.13644;1.13680;1.13640;1.13662
2025.04.25 02:53;1.13662;1.13681;1.13645;1.13668
2025.04.25 02:54;1.13668;1.13695;1.13660;1.13694
2025.04.25 02:55;1.13694;1.13713;1.13680;1.13703
2025.04.25 02:56;1.13702;1.13728;1.13701;1.13724
2025.04.25 02:57;1.13725;1.13731;1.13713;1.13728
2025.04.25 02:58;1.13727;1.13728;1.13703;1.13705
2025.04.25 02:59;1.13705;1.13710;1.13682;1.13684
2025.04.25 03:00;1.13684;1.13684;1.13657;1.13658
2025.04.25 03:01;1.13658;1.13670;1.13651;1.13660
2025.04.25 03:02;1.13659;1.13677;1.13654;1.13663
2025.04.25 03:03;1.13663;1.13670;1.13657;1.13657
2025.04.25 03:04;1.13657;1.13663;1.13652;1.13658
2025.04.25 03:05;1.13657;1.13664;1.13615;1.13632
2025.04.25 03:06;1.13632;1.13632;1.13565;1.13568
2025.04.25 03:07;1.13568;1.13590;1.13565;1.13573
2025.04.25 03:08;1.13573;1.13576;1.13551;1.13554
2025.04.25 03:09;1.13555;1.13596;1.13552;1.13594
2025.04.25 03:10;1.13594;1.13625;1.13590;1.13607
2025.04.25 03:11;1.13608;1.13621;1.13585;1.13620
2025.04.25 03:12;1.13620;1.13628;1.13611;1.13622
2025.04.25 03:13;1.13622;1.13631;1.13601;1.13619
2025.04.25 03:14;1.13620;1.13622;1.13595;1.13596
2025.04.25 03:15;1.13597;1.13600;1.13569;1.13595
2025.04.25 03:16;1.13595;1.13596;1.13572;1.13595
2025.04.25 03:17;1.13594;1.13594;1.13542;1.13543
2025.04.25 03:18;1.13543;1.13543;1.13525;1.13532
2025.04.25 03:19;1.13532;1.13534;1.13510;1.13520
2025.04.25 03:20;1.13520;1.13538;1.13509;1.13514
2025.04.25 03:21;1.13514;1.13522;1.13464;1.13470
2025.04.25 03:22;1.13470;1.13486;1.13427;1.13427
2025.04.25 03:23;1.13427;1.13444;1.13389;1.13390
2025.04.25 03:24;1.13390;1.13406;1.13380;1.13395
2025.04.25 03:25;1.13395;1.13429;1.13394;1.13420
2025.04.25 03:26;1.13421;1.13432;1.13397;1.13410
2025.04.25 03:27;1.13410;1.13418;1.13388;1.13390
2025.04.25 03:28;1.13385;1.13389;1.13343;1.13367
2025.04.25 03:29;1.13367;1.13376;1.13350;1.13372
2025.04.25 03:30;1.13372;1.13389;1.13356;1.13372
2025.04.25 03:31;1.13372;1.13375;1.13345;1.13373
2025.04.25 03:32;1.13373;1.13396;1.13369;1.13384
2025.04.25 03:33;1.13384;1.13417;1.13374;1.13407
2025.04.25 03:34;1.13408;1.13415;1.13392;1.13404
2025.04.25 03:35;1.13401;1.13408;1.13376;1.13381
2025.04.25 03:36;1.13380;1.13381;1.13348;1.13348
2025.04.25 03:37;1.13347;1.13401;1.13342;1.13394
2025.04.25 03:38;1.13397;1.13418;1.13386;1.13391
2025.04.25 03:39;1.13391;1.13391;1.13359;1.13360
2025.04.25 03:40;1.13360;1.13389;1.13356;1.13388
2025.04.25 03:41;1.13386;1.13399;1.13357;1.13373
2025.04.25 03:42;1.13373;1.13382;1.13362;1.13381
2025.04.25 03:43;1.13381;1.13381;1.13354;1.13361
2025.04.25 03:44;1.13361;1.13362;1.13340;1.13342
2025.04.25 03:45;1.13342;1.13359;1.13335;1.13344
2025.04.25 03:46;1.13343;1.13364;1.13335;1.13340
2025.04.25 03:47;1.13340;1.13347;1.13271;1.13290
2025.04.25 03:48;1.13290;1.13293;1.13263;1.13278
2025.04.25 03:49;1.13279;1.13279;1.13241;1.13245
2025.04.25 03:50;1.13246;1.13283;1.13233;1.13282
2025.04.25 03:51;1.13282;1.13304;1.13276;1.13282
2025.04.25 03:52;1.13282;1.13289;1.13266;1.13269
2025.04.25 03:53;1.13269;1.13271;1.13242;1.13242
2025.04.25 03:54;1.13242;1.13254;1.13235;1.13236
2025.04.25 03:55;1.13235;1.13249;1.13211;1.13222
2025.04.25 03:56;1.13222;1.13227;1.13205;1.13210
2025.04.25 03:57;1.13210;1.13286;1.13210;1.13273
2025.04.25 03:58;1.13273;1.13288;1.13263;1.13286
2025.04.25 03:59;1.13287;1.13294;1.13281;1.13291
2025.04.25 04:00;1.13290;1.13301;1.13274;1.13295
2025.04.25 04:01;1.13295;1.13321;1.13273;1.13301
2025.04.25 04:02;1.13304;1.13336;1.13215;1.13296
2025.04.25 04:03;1.13295;1.13325;1.13271;1.13313
2025.04.25 04:04;1.13312;1.13312;1.13202;1.13260
2025.04.25 04:05;1.13258;1.13273;1.13235;1.13247
2025.04.25 04:06;1.13247;1.13257;1.13196;1.13252
2025.04.25 04:07;1.13251;1.13269;1.13238;1.13268
2025.04.25 04:08;1.13268;1.13294;1.13238;1.13279
2025.04.25 04:09;1.13279;1.13332;1.13276;1.13327
2025.04.25 04:10;1.13327;1.13338;1.13315;1.13333
2025.04.25 04:11;1.13333;1.13333;1.13291;1.13322
2025.04.25 04:12;1.13323;1.13339;1.13302;1.13332
2025.04.25 04:13;1.13332;1.13377;1.13329;1.13361
2025.04.25 04:14;1.13358;1.13376;1.13340;1.13369
2025.04.25 04:15;1.13369;1.13373;1.13351;1.13367
2025.04.25 04:16;1.13367;1.13390;1.13362;1.13376
2025.04.25 04:17;1.13376;1.13377;1.13326;1.13338
2025.04.25 04:18;1.13337;1.13339;1.13299;1.13323
2025.04.25 04:19;1.13323;1.13335;1.13314;1.13316
2025.04.25 04:20;1.13317;1.13329;1.13282;1.13295
2025.04.25 04:21;1.13295;1.13319;1.13285;1.13301
2025.04.25 04:22;1.13300;1.13329;1.13295;1.13329
2025.04.25 04:23;1.13328;1.13336;1.13308;1.13309
2025.04.25 04:24;1.13308;1.13337;1.13302;1.13333
2025.04.25 04:25;1.13337;1.13338;1.13299;1.13311
2025.04.25 04:26;1.13311;1.13341;1.13291;1.13330
2025.04.25 04:27;1.13330;1.13340;1.13322;1.13339
2025.04.25 04:28;1.13339;1.13346;1.13321;1.13331
2025.04.25 04:29;1.13331;1.13354;1.13323;1.13343
2025.04.25 04:30;1.13343;1.13354;1.13337;1.13342
2025.04.25 04:31;1.13342;1.13345;1.13317;1.13331
2025.04.25 04:32;1.13333;1.13335;1.13316;1.13334
2025.04.25 04:33;1.13335;1.13336;1.13284;1.13305
2025.04.25 04:34;1.13305;1.13329;1.13305;1.13324
2025.04.25 04:35;1.13324;1.13326;1.13277;1.13285
2025.04.25 04:36;1.13285;1.13285;1.13262;1.13268
2025.04.25 04:37;1.13269;1.13284;1.13250;1.13256
2025.04.25 04:38;1.13256;1.13276;1.13251;1.13272
2025.04.25 04:39;1.13271;1.13271;1.13238;1.13265
2025.04.25 04:40;1.13264;1.13291;1.13261;1.13277
2025.04.25 04:41;1.13278;1.13299;1.13278;1.13295
2025.04.25 04:42;1.13296;1.13299;1.13279;1.13298
2025.04.25 04:43;1.13298;1.13306;1.13290;1.13300
2025.04.25 04:44;1.13300;1.13322;1.13300;1.13317
2025.04.25 04:45;1.13317;1.13317;1.13271;1.13285
2025.04.25 04:46;1.13285;1.13291;1.13278;1.13279
2025.04.25 04:47;1.13280;1.13287;1.13265;1.13270
2025.04.25 04:48;1.13269;1.13271;1.13243;1.13248
2025.04.25 04:49;1.13248;1.13250;1.13195;1.13224
2025.04.25 04:50;1.13224;1.13248;1.13208;1.13213
2025.04.25 04:51;1.13213;1.13225;1.13203;1.13221
2025.04.25 04:52;1.13223;1.13238;1.13220;1.13229
2025.04.25 04:53;1.13230;1.13232;1.13182;1.13189
2025.04.25 04:54;1.13189;1.13201;1.13170;1.13200
2025.04.25 04:55;1.13201;1.13217;1.13190;1.13201
2025.04.25 04:56;1.13201;1.13205;1.13190;1.13191
2025.04.25 04:57;1.13192;1.13206;1.13170;1.13178
2025.04.25 04:58;1.13178;1.13209;1.13178;1.13189
2025.04.25 04:59;1.13190;1.13205;1.13189;1.13200
2025.04.25 05:00;1.13200;1.13203;1.13182;1.13196
2025.04.25 05:01;1.13196;1.13199;1.13177;1.13190
2025.04.25 05:02;1.13190;1.13191;1.13143;1.13150
2025.04.25 05:03;1.13150;1.13165;1.13142;1.13143
2025.04.25 05:04;1.13143;1.13143;1.13124;1.13130
2025.04.25 05:05;1.13130;1.13142;1.13110;1.13142
2025.04.25 05:06;1.13142;1.13167;1.13127;1.13132
2025.04.25 05:07;1.13132;1.13143;1.13128;1.13132
2025.04.25 05:08;1.13132;1.13141;1.13107;1.13110
2025.04.25 05:09;1.13110;1.13131;1.13105;1.13121
2025.04.25 05:10;1.13121;1.13166;1.13121;1.13151
2025.04.25 05:11;1.13151;1.13160;1.13124;1.13124
2025.04.25 05:12;1.13124;1.13131;1.13110;1.13111
2025.04.25 05:13;1.13111;1.13118;1.13084;1.13085
2025.04.25 05:14;1.13085;1.13088;1.13052;1.13059
2025.04.25 05:15;1.13060;1.13070;1.13038;1.13044
2025.04.25 05:16;1.13044;1.13073;1.13041;1.13070
2025.04.25 05:17;1.13070;1.13071;1.13045;1.13054
2025.04.25 05:18;1.13054;1.13061;1.13040;1.13045
2025.04.25 05:19;1.13045;1.13096;1.13037;1.13085
2025.04.25 05:20;1.13084;1.13093;1.13077;1.13092
2025.04.25 05:21;1.13092;1.13127;1.13092;1.13126
2025.04.25 05:22;1.13127;1.13151;1.13126;1.13151
2025.04.25 05:23;1.13151;1.13153;1.13137;1.13152
2025.04.25 05:24;1.13152;1.13161;1.13145;1.13151
2025.04.25 05:25;1.13151;1.13151;1.13133;1.13143
2025.04.25 05:26;1.13143;1.13148;1.13136;1.13141
2025.04.25 05:27;1.13141;1.13161;1.13141;1.13156
2025.04.25 05:28;1.13156;1.13157;1.13136;1.13139
2025.04.25 05:29;1.13139;1.13154;1.13128;1.13132
2025.04.25 05:30;1.13132;1.13162;1.13127;1.13162
2025.04.25 05:31;1.13162;1.13162;1.13132;1.13155
2025.04.25 05:32;1.13154;1.13165;1.13150;1.13165
2025.04.25 05:33;1.13169;1.13177;1.13160;1.13166
2025.04.25 05:34;1.13166;1.13185;1.13164;1.13185
2025.04.25 05:35;1.13185;1.13191;1.13173;1.13188
2025.04.25 05:36;1.13188;1.13195;1.13179;1.13181
2025.04.25 05:37;1.13181;1.13181;1.13171;1.13176
2025.04.25 05:38;1.13175;1.13178;1.13160;1.13165
2025.04.25 05:39;1.13165;1.13170;1.13136;1.13142
2025.04.25 05:40;1.13142;1.13150;1.13105;1.13105
2025.04.25 05:41;1.13106;1.13113;1.13087;1.13090
2025.04.25 05:42;1.13090;1.13090;1.12981;1.12984
2025.04.25 05:43;1.12984;1.13071;1.12984;1.13062
2025.04.25 05:44;1.13062;1.13071;1.13045;1.13048
2025.04.25 05:45;1.13048;1.13049;1.13027;1.13033
2025.04.25 05:46;1.13033;1.13035;1.12999;1.13014
2025.04.25 05:47;1.13015;1.13026;1.13002;1.13024
2025.04.25 05:48;1.13024;1.13057;1.13022;1.13053
2025.04.25 05:49;1.13053;1.13070;1.13053;1.13064
2025.04.25 05:50;1.13064;1.13064;1.13029;1.13062
2025.04.25 05:51;1.13062;1.13071;1.13044;1.13066
2025.04.25 05:52;1.13066;1.13085;1.13064;1.13077
2025.04.25 05:53;1.13077;1.13086;1.13074;1.13086
2025.04.25 05:54;1.13086;1.13100;1.13085;1.13089
2025.04.25 05:55;1.13089;1.13091;1.13074;1.13079
2025.04.25 05:56;1.13076;1.13076;1.13051;1.13072
2025.04.25 05:57;1.13072;1.13077;1.13052;1.13052
2025.04.25 05:58;1.13052;1.13056;1.13030;1.13033
2025.04.25 05:59;1.13034;1.13046;1.13016;1.13040
2025.04.25 06:00;1.13041;1.13071;1.13040;1.13057
2025.04.25 06:01;1.13057;1.13057;1.13033;1.13040
2025.04.25 06:02;1.13040;1.13061;1.13037;1.13040
2025.04.25 06:03;1.13040;1.13057;1.13040;1.13051
2025.04.25 06:04;1.13053;1.13072;1.13042;1.13072
2025.04.25 06:05;1.13072;1.13081;1.13062;1.13070
2025.04.25 06:06;1.13072;1.13073;1.13060;1.13072
2025.04.25 06:07;1.13072;1.13087;1.13071;1.13085
2025.04.25 06:08;1.13085;1.13085;1.13067;1.13079
2025.04.25 06:09;1.13078;1.13080;1.13072;1.13078
2025.04.25 06:10;1.13078;1.13082;1.13060;1.13061
2025.04.25 06:11;1.13062;1.13082;1.13056;1.13058
2025.04.25 06:12;1.13058;1.13064;1.13054;1.13057
2025.04.25 06:13;1.13057;1.13058;1.13044;1.13050
2025.04.25 06:14;1.13051;1.13058;1.13042;1.13046
2025.04.25 06:15;1.13046;1.13054;1.13043;1.13044
2025.04.25 06:16;1.13044;1.13055;1.13040;1.13050
2025.04.25 06:17;1.13050;1.13051;1.13038;1.13043
2025.04.25 06:18;1.13043;1.13043;1.13026;1.13026
2025.04.25 06:19;1.13023;1.13028;1.13002;1.13010
2025.04.25 06:20;1.13010;1.13028;1.13007;1.13022
2025.04.25 06:21;1.13023;1.13043;1.13011;1.13038
2025.04.25 06:22;1.13040;1.13044;1.13031;1.13041
2025.04.25 06:23;1.13041;1.13045;1.13033;1.13044
2025.04.25 06:24;1.13045;1.13046;1.13040;1.13041
2025.04.25 06:25;1.13041;1.13046;1.13039;1.13039
2025.04.25 06:26;1.13038;1.13053;1.13033;1.13048
2025.04.25 06:27;1.13047;1.13058;1.13046;1.13058
2025.04.25 06:28;1.13058;1.13066;1.13057;1.13059
2025.04.25 06:29;1.13059;1.13061;1.13051;1.13051
2025.04.25 06:30;1.13051;1.13054;1.13039;1.13042
2025.04.25 06:31;1.13042;1.13042;1.13030;1.13032
2025.04.25 06:32;1.13032;1.13043;1.13026;1.13033
2025.04.25 06:33;1.13033;1.13047;1.13021;1.13021
2025.04.25 06:34;1.13021;1.13029;1.13021;1.13028
2025.04.25 06:35;1.13027;1.13028;1.13012;1.13017
2025.04.25 06:36;1.13017;1.13017;1.13004;1.13011
2025.04.25 06:37;1.13011;1.13017;1.13006;1.13011
2025.04.25 06:38;1.13011;1.13035;1.13011;1.13027
2025.04.25 06:39;1.13025;1.13029;1.13005;1.13007
2025.04.25 06:40;1.13001;1.13005;1.12985;1.13001
2025.04.25 06:41;1.13001;1.13008;1.12987;1.12987
2025.04.25 06:42;1.12987;1.12989;1.12960;1.12967
2025.04.25 06:43;1.12966;1.12972;1.12938;1.12942
2025.04.25 06:44;1.12943;1.12967;1.12941;1.12962
2025.04.25 06:45;1.12962;1.12963;1.12942;1.12951
2025.04.25 06:46;1.12951;1.12971;1.12946;1.12967
2025.04.25 06:47;1.12967;1.12982;1.12967;1.12974
2025.04.25 06:48;1.12973;1.12986;1.12970;1.12977
2025.04.25 06:49;1.12960;1.12973;1.12960;1.12965
2025.04.25 06:50;1.12965;1.12965;1.12930;1.12935
2025.04.25 06:51;1.12935;1.12940;1.12924;1.12932
2025.04.25 06:52;1.12932;1.12938;1.12925;1.12938
2025.04.25 06:53;1.12937;1.12949;1.12929;1.12945
2025.04.25 06:54;1.12946;1.12946;1.12925;1.12930
2025.04.25 06:55;1.12930;1.12947;1.12930;1.12941
2025.04.25 06:56;1.12941;1.12977;1.12941;1.12973
2025.04.25 06:57;1.12974;1.13009;1.12973;1.13008
2025.04.25 06:58;1.13007;1.13013;1.12993;1.13011
2025.04.25 06:59;1.13011;1.13011;1.12993;1.12997
2025.04.25 07:00;1.12997;1.13029;1.12996;1.13029
2025.04.25 07:01;1.13029;1.13048;1.13029;1.13044
2025.04.25 07:02;1.13043;1.13045;1.13024;1.13032
2025.04.25 07:03;1.13032;1.13041;1.13025;1.13034
2025.04.25 07:04;1.13034;1.13047;1.13033;1.13047
2025.04.25 07:05;1.13046;1.13056;1.13041;1.13053
2025.04.25 07:06;1.13053;1.13068;1.13047;1.13062
2025.04.25 07:07;1.13062;1.13066;1.13054;1.13064
2025.04.25 07:08;1.13064;1.13069;1.13062;1.13063
2025.04.25 07:09;1.13063;1.13076;1.13063;1.13073
2025.04.25 07:10;1.13073;1.13087;1.13066;1.13086
2025.04.25 07:11;1.13086;1.13088;1.13082;1.13086
2025.04.25 07:12;1.13086;1.13088;1.13073;1.13077
2025.04.25 07:13;1.13077;1.13077;1.13063;1.13067
2025.04.25 07:14;1.13066;1.13078;1.13063;1.13067
2025.04.25 07:15;1.13066;1.13067;1.13060;1.13067
2025.04.25 07:16;1.13066;1.13074;1.13061;1.13072
2025.04.25 07:17;1.13072;1.13082;1.13071;1.13081
2025.04.25 07:18;1.13080;1.13082;1.13075;1.13077
2025.04.25 07:19;1.13077;1.13081;1.13071;1.13077
2025.04.25 07:20;1.13076;1.13084;1.13070;1.13082
2025.04.25 07:21;1.13083;1.13083;1.13070;1.13071
2025.04.25 07:22;1.13071;1.13078;1.13064;1.13067
2025.04.25 07:23;1.13067;1.13069;1.13061;1.13061
2025.04.25 07:24;1.13062;1.13064;1.13048;1.13056
2025.04.25 07:25;1.13056;1.13056;1.13045;1.13056
2025.04.25 07:26;1.13057;1.13058;1.13037;1.13037
2025.04.25 07:27;1.13038;1.13043;1.13033;1.13037
2025.04.25 07:28;1.13036;1.13049;1.13033;1.13035
2025.04.25 07:29;1.13035;1.13036;1.13016;1.13020
2025.04.25 07:30;1.13021;1.13022;1.13011;1.13016
2025.04.25 07:31;1.13015;1.13023;1.13007;1.13022
2025.04.25 07:32;1.13022;1.13037;1.13020;1.13032
2025.04.25 07:33;1.13032;1.13032;1.13024;1.13029
2025.04.25 07:34;1.13030;1.13035;1.13020;1.13021
2025.04.25 07:35;1.13022;1.13025;1.13004;1.13012
2025.04.25 07:36;1.13012;1.13023;1.13009;1.13013
2025.04.25 07:37;1.13012;1.13026;1.13012;1.13024
2025.04.25 07:38;1.13024;1.13033;1.13021;1.13024
2025.04.25 07:39;1.13023;1.13043;1.13018;1.13042
2025.04.25 07:40;1.13042;1.13054;1.13042;1.13052
2025.04.25 07:41;1.13051;1.13052;1.13042;1.13045
2025.04.25 07:42;1.13044;1.13049;1.13040;1.13043
2025.04.25 07:43;1.13043;1.13048;1.13039;1.13046
2025.04.25 07:44;1.13046;1.13073;1.13046;1.13072
2025.04.25 07:45;1.13072;1.13073;1.13058;1.13072
2025.04.25 07:46;1.13070;1.13074;1.13065;1.13067
2025.04.25 07:47;1.13067;1.13067;1.13057;1.13065
2025.04.25 07:48;1.13066;1.13067;1.13045;1.13047
2025.04.25 07:49;1.13046;1.13062;1.13045;1.13061
2025.04.25 07:50;1.13062;1.13062;1.13055;1.13062
2025.04.25 07:51;1.13062;1.13071;1.13048;1.13071
2025.04.25 07:52;1.13071;1.13071;1.13063;1.13065
2025.04.25 07:53;1.13065;1.13069;1.13057;1.13063
2025.04.25 07:54;1.13060;1.13065;1.13046;1.13048
2025.04.25 07:55;1.13051;1.13055;1.13044;1.13049
2025.04.25 07:56;1.13049;1.13062;1.13048;1.13053
2025.04.25 07:57;1.13054;1.13062;1.13048;1.13062
2025.04.25 07:58;1.13062;1.13063;1.13053;1.13056
2025.04.25 07:59;1.13055;1.13057;1.13039;1.13043
2025.04.25 08:00;1.13043;1.13051;1.13020;1.13040
2025.04.25 08:01;1.13040;1.13050;1.13033;1.13038
2025.04.25 08:02;1.13038;1.13049;1.13036;1.13047
2025.04.25 08:03;1.13047;1.13053;1.13040;1.13041
2025.04.25 08:04;1.13041;1.13041;1.13032;1.13034
2025.04.25 08:05;1.13034;1.13040;1.13028;1.13036
2025.04.25 08:06;1.13036;1.13047;1.13028;1.13030
2025.04.25 08:07;1.13030;1.13030;1.12996;1.13003
2025.04.25 08:08;1.13003;1.13004;1.12998;1.13003
2025.04.25 08:09;1.13002;1.13028;1.13002;1.13028
2025.04.25 08:10;1.13027;1.13030;1.13013;1.13014
2025.04.25 08:11;1.13014;1.13016;1.13009;1.13012
2025.04.25 08:12;1.13011;1.13017;1.13011;1.13017
2025.04.25 08:13;1.13015;1.13022;1.13014;1.13014
2025.04.25 08:14;1.13014;1.13016;1.13008;1.13009
2025.04.25 08:15;1.13009;1.13011;1.13004;1.13010
2025.04.25 08:16;1.13011;1.13015;1.13010;1.13014
2025.04.25 08:17;1.13015;1.13015;1.13010;1.13011
2025.04.25 08:18;1.13011;1.13020;1.13011;1.13016
2025.04.25 08:19;1.13016;1.13016;1.13009;1.13016
2025.04.25 08:20;1.13016;1.13021;1.13000;1.13003
2025.04.25 08:21;1.13004;1.13004;1.12989;1.12992
2025.04.25 08:22;1.12992;1.12999;1.12982;1.12986
2025.04.25 08:23;1.12986;1.12990;1.12982;1.12984
2025.04.25 08:24;1.12983;1.12986;1.12972;1.12978
2025.04.25 08:25;1.12979;1.12990;1.12972;1.12987
2025.04.25 08:26;1.12987;1.12994;1.12987;1.12994
2025.04.25 08:27;1.12994;1.12996;1.12990;1.12993
2025.04.25 08:28;1.12993;1.12995;1.12989;1.12991
2025.04.25 08:29;1.12991;1.12994;1.12982;1.12983
2025.04.25 08:30;1.12983;1.12989;1.12983;1.12989
2025.04.25 08:31;1.12989;1.12991;1.12978;1.12979
2025.04.25 08:32;1.12979;1.12982;1.12977;1.12977
2025.04.25 08:33;1.12977;1.12978;1.12962;1.12965
2025.04.25 08:34;1.12965;1.12973;1.12959;1.12960
2025.04.25 08:35;1.12960;1.12960;1.12944;1.12950
2025.04.25 08:36;1.12950;1.12955;1.12949;1.12954
2025.04.25 08:37;1.12953;1.12954;1.12951;1.12954
2025.04.25 08:38;1.12952;1.12959;1.12947;1.12958
2025.04.25 08:39;1.12958;1.12961;1.12944;1.12945
2025.04.25 08:40;1.12944;1.12944;1.12938;1.12943
2025.04.25 08:41;1.12943;1.12948;1.12939;1.12939
2025.04.25 08:42;1.12939;1.12941;1.12939;1.12940
2025.04.25 08:43;1.12940;1.12947;1.12940;1.12943
2025.04.25 08:44;1.12943;1.12962;1.12943;1.12951
2025.04.25 08:45;1.12951;1.12959;1.12940;1.12946
2025.04.25 08:46;1.12947;1.12947;1.12934;1.12941
2025.04.25 08:47;1.12941;1.12948;1.12940;1.12941
2025.04.25 08:48;1.12941;1.12942;1.12938;1.12940
2025.04.25 08:49;1.12940;1.12947;1.12934;1.12946
2025.04.25 08:50;1.12946;1.12974;1.12946;1.12971
2025.04.25 08:51;1.12972;1.12974;1.12967;1.12974
2025.04.25 08:52;1.12973;1.12983;1.12970;1.12981
2025.04.25 08:53;1.12981;1.12985;1.12973;1.12983
2025.04.25 08:54;1.12983;1.12992;1.12977;1.12990
2025.04.25 08:54;1.12983;1.12992;1.12977;1.12990
2025.04.25 08:54;1.12983;1.12992;1.12977;1.12990
2025.04.25 08:54;1.12983;1.12992;1.12977;1.12990
2025.04.25 08:54;1.12983;1.12992;1.12977;1.12990
2025.04.25 08:54;1.12983;1.12992;1.12977;1.12990
2025.04.25 08:54;1.12983;1.12992;1.12977;1.12990
2025.04.25 08:54;1.12983;1.12992;1.12977;1.12990
2025.04.25 08:54;1.12983;1.12992;1.12977;1.12990
2025.04.25 08:54;1.12983;1.12992;1.12977;1.12990
2025.04.25 08:54;1.12983;1.12992;1.12977;1.12990
2025.04.25 08:54;1.12983;1.12992;1.12977;1.12990
2025.04.25 08:54;1.12983;1.12992;1.12977;1.12990
2025.04.25 08:54;1.12983;1.12992;1.12977;1.12990
2025.04.25 08:54;1.12983;1.12992;1.12977;1.12990
2025.04.25 08:54;1.12983;1.12992;1.12977;1.12990
2025.04.25 08:54;1.12983;1.12992;1.12977;1.12990
2025.04.25 08:54;1.12983;1.12992;1.12977;1.12990
2025.04.25 08:54;1.12983;1.12992;1.12977;1.12990
2025.04.25 08:54;1.12983;1.12992;1.12977;1.12990
2025.04.25 08:54;1.12983;1.12992;1.12977;1.12990
2025.04.25 08:54;1.12983;1.12992;1.12977;1.12990
2025.04.25 08:54;1.12983;1.12992;1.12977;1.12990
2025.04.25 08:54;1.12983;1.12992;1.12977;1.12990
2025.04.25 08:54;1.12983;1.12992;1.12977;1.12990
2025.04.25 08:54;1.12983;1.12992;1.12977;1.12990
2025.04.25 08:54;1.12983;1.12992;1.12977;1.12990
2025.04.25 08:54;1.12983;1.12992;1.12977;1.12990
2025.04.25 08:54;1.12983;1.12992;1.12977;1.12990
2025.04.25 08:54;1.12983;1.12992;1.12977;1.12990
2025.04.25 08:54;1.12983;1.12992;1.12977;1.12990
2025.04.25 08:54;1.12983;1.12992;1.12977;1.12990
2025.04.25 08:54;1.12983;1.12992;1.12977;1.12990
2025.04.25 08:54;1.12983;1.12992;1.12977;1.12990
2025.04.25 08:54;1.12983;1.12992;1.12977;1.12990
2025.04.25 08:54;1.12983;1.12992;1.12977;1.12990
2025.04.25 08:54;1.12983;1.12992;1.12977;1.12990
2025.04.25 08:54;1.12983;1.12992;1.12977;1.12990
2025.04.25 08:54;1.12983;1.12992;1.12977;1.12990
2025.04.25 08:54;1.12983;1.12992;1.12977;1.12990
2025.04.25 08:54;1.12983;1.12992;1.12977;1.12990
2025.04.25 08:54;1.12983;1.12992;1.12977;1.12990
2025.04.25 08:54;1.12983;1.12992;1.12977;1.12990
2025.04.25 08:54;1.12983;1.12992;1.12977;1.12990
2025.04.25 08:54;1.12983;1.12992;1.12977;1.12990
2025.04.25 08:54;1.12983;1.12992;1.12977;1.12990
2025.04.25 08:54;1.12983;1.12992;1.12977;1.12990
2025.04.25 08:54;1.12983;1.12992;1.12977;1.12990
2025.04.25 08:54;1.12983;1.12992;1.12977;1.12990
2025.04.25 08:54;1.12983;1.12992;1.12977;1.12990
2025.04.25 08:54;1.12983;1.12992;1.12977;1.12990
2025.04.25 08:54;1.12983;1.12992;1.12977;1.12990
2025.04.25 08:54;1.12983;1.12992;1.12977;1.12990
2025.04.25 08:54;1.12983;1.12992;1.12977;1.12990
2025.04.25 08:54;1.12983;1.12992;1.12977;1.12990
2025.04.25 08:54;1.12983;1.12992;1.12977;1.12990
2025.04.25 08:54;1.12983;1.12992;1.12977;1.12990
2025.04.25 08:54;1.12983;1.12992;1.12977;1.12990
2025.04.25 08:54;1.12983;1.12992;1.12977;1.12990
2025.04.25 08:54;1.12983;1.12992;1.12977;1.12990
2025.04.25 08:54;1.12983;1.12992;1.12977;1.12990
2025.04.25 08:54;1.12983;1.12992;1.12977;1.12990
2025.04.25 08:54;1.12983;1.12992;1.12977;1.12990
2025.04.25 08:54;1.12983;1.12992;1.12977;1.12990
2025.04.25 08:54;1.12983;1.12992;1.12977;1.12990
2025.04.25 08:54;1.12983;1.12992;1.12977;1.12990
2025.04.25 08:54;1.12983;1.12992;1.12977;1.12990
2025.04.25 08:54;1.12983;1.12992;1.12977;1.12990
2025.04.25 08:54;1.12983;1.12992;1.12977;1.12990
2025.04.25 08:54;1.12983;1.12992;1.12977;1.12990
2025.04.25 08:54;1.12983;1.12992;1.12977;1.12990
2025.04.25 08:54;1.12983;1.12992;1.12977;1.12990
2025.04.25 08:54;1.12983;1.12992;1.12977;1.12990
2025.04.25 08:54;1.12983;1.12992;1.12977;1.12990
2025.04.25 08:54;1.12983;1.12992;1.12977;1.12990
2025.04.25 08:54;1.12983;1.12992;1.12977;1.12990
2025.04.25 08:54;1.12983;1.12992;1.12977;1.12990
2025.04.25 08:54;1.12983;1.12992;1.12977;1.12990
2025.04.25 08:54;1.12983;1.12992;1.12977;1.12990
2025.04.25 08:54;1.12983;1.12992;1.12977;1.12990
2025.04.25 08:54;1.12983;1.12992;1.12977;1.12990
2025.04.25 08:54;1.12983;1.12992;1.12977;1.12990
2025.04.25 08:54;1.12983;1.12992;1.12977;1.12990
2025.04.25 08:54;1.12983;1.12992;1.12977;1.12990
2025.04.25 08:54;1.12983;1.12992;1.12977;1.12990
2025.04.25 08:54;1.12983;1.12992;1.12977;1.12990
2025.04.25 08:54;1.12983;1.12992;1.12977;1.12990
2025.04.25 08:54;1.12983;1.12992;1.12977;1.12990
2025.04.25 08:54;1.12983;1.12992;1.12977;1.12990
2025.04.25 08:54;1.12983;1.12992;1.12977;1.12990
2025.04.25 08:54;1.12983;1.12992;1.12977;1.12990
2025.04.25 08:54;1.12983;1.12992;1.12977;1.12990
2025.04.25 08:54;1.12983;1.12992;1.12977;1.12990
2025.04.25 08:54;1.12983;1.12992;1.12977;1.12990
2025.04.25 08:54;1.12983;1.12992;1.12977;1.12990
2025.04.25 08:54;1.12983;1.12992;1.12977;1.12990
2025.04.25 08:54;1.12983;1.12992;1.12977;1.12990
2025.04.25 08:54;1.12983;1.12992;1.12977;1.12990
2025.04.25 08:54;1.12983;1.12992;1.12977;1.12990
2025.04.25 08:54;1.12983;1.12992;1.12977;1.12990
2025.04.25 08:54;1.12983;1.12992;1.12977;1.12990
2025.04.25 08:54;1.12983;1.12992;1.12977;1.12990
2025.04.25 08:54;1.12983;1.12992;1.12977;1.12990
2025.04.25 08:54;1.12983;1.12992;1.12977;1.12990
2025.04.25 08:54;1.12983;1.12992;1.12977;1.12990
2025.04.25 08:54;1.12983;1.12992;1.12977;1.12990
2025.04.25 08:54;1.12983;1.12992;1.12977;1.12990
2025.04.25 08:54;1.12983;1.12992;1.12977;1.12990
2025.04.25 08:54;1.12983;1.12992;1.12977;1.12990
2025.04.25 08:54;1.12983;1.12992;1.12977;1.12990
2025.04.25 08:54;1.12983;1.12992;1.12977;1.12990
2025.04.25 08:54;1.12983;1.12992;1.12977;1.12990
2025.04.25 08:54;1.12983;1.12992;1.12977;1.12990
2025.04.25 08:54;1.12983;1.12992;1.12977;1.12990
2025.04.25 08:54;1.12983;1.12992;1.12977;1.12990
2025.04.25 08:54;1.12983;1.12992;1.12977;1.12990
2025.04.25 08:54;1.12983;1.12992;1.12977;1.12990
2025.04.25 08:54;1.12983;1.12992;1.12977;1.12990
2025.04.25 08:54;1.12983;1.12992;1.12977;1.12990
2025.04.25 08:54;1.12983;1.12992;1.12977;1.12990
2025.04.25 08:54;1.12983;1.12992;1.12977;1.12990
2025.04.25 08:54;1.12983;1.12992;1.12977;1.12990
2025.04.25 08:54;1.12983;1.12992;1.12977;1.12990
2025.04.25 08:54;1.12983;1.12992;1.12977;1.12990
2025.04.25 08:54;1.12983;1.12992;1.12977;1.12990
2025.04.25 08:54;1.12983;1.12992;1.12977;1.12990
2025.04.25 08:54;1.12983;1.12992;1.12977;1.12990
2025.04.25 08:54;1.12983;1.12992;1.12977;1.12990
2025.04.25 08:54;1.12983;1.12992;1.12977;1.12990
2025.04.25 08:54;1.12983;1.12992;1.12977;1.12990
2025.04.25 08:54;1.12983;1.12992;1.12977;1.12990
2025.04.25 08:54;1.12983;1.12992;1.12977;1.12990
2025.04.25 08:54;1.12983;1.12992;1.12977;1.12990
2025.04.25 08:54;1.12983;1.12992;1.12977;1.12990
2025.04.25 08:54;1.12983;1.12992;1.12977;1.12990
2025.04.25 08:54;1.12983;1.12992;1.12977;1.12990
2025.04.25 08:54;1.12983;1.12992;1.12977;1.12990
2025.04.25 08:54;1.12983;1.12992;1.12977;1.12990
2025.04.25 08:54;1.12983;1.12992;1.12977;1.12990
2025.04.25 08:54;1.12983;1.12992;1.12977;1.12990
2025.04.25 08:54;1.12983;1.12992;1.12977;1.12990
2025.04.25 08:54;1.12983;1.12992;1.12977;1.12990
2025.04.25 08:54;1.12983;1.12992;1.12977;1.12990
2025.04.25 08:54;1.12983;1.12992;1.12977;1.12990
2025.04.25 08:54;1.12983;1.12992;1.12977;1.12990
2025.04.25 08:54;1.12983;1.12992;1.12977;1.12990
2025.04.25 08:54;1.12983;1.12992;1.12977;1.12990
2025.04.25 08:54;1.12983;1.12992;1.12977;1.12990
2025.04.25 08:54;1.12983;1.12992;1.12977;1.12990
2025.04.25 08:54;1.12983;1.12992;1.12977;1.12990
2025.04.25 08:54;1.12983;1.12992;1.12977;1.12990
2025.04.25 08:54;1.12983;1.12992;1.12977;1.12990
2025.04.25 08:54;1.12983;1.12992;1.12977;1.12990
2025.04.25 08:54;1.12983;1.12992;1.12977;1.12990
2025.04.25 08:54;1.12983;1.12992;1.12977;1.12990
2025.04.25 08:54;1.12983;1.12992;1.12977;1.12990
2025.04.25 08:54;1.12983;1.12992;1.12977;1.12990
2025.04.25 08:54;1.12983;1.12992;1.12977;1.12990
2025.04.25 08:54;1.12983;1.12992;1.12977;1.12990
2025.04.25 08:54;1.12983;1.12992;1.12977;1.12990
2025.04.25 08:54;1.12983;1.12992;1.12977;1.12990
2025.04.25 08:54;1.12983;1.12992;1.12977;1.12990
2025.04.25 08:54;1.12983;1.12992;1.12977;1.12990
2025.04.25 08:54;1.12983;1.12992;1.12977;1.12990
2025.04.25 08:54;1.12983;1.12992;1.12977;1.12990
2025.04.25 08:54;1.12983;1.12992;1.12977;1.12990
2025.04.25 08:54;1.12983;1.12992;1.12977;1.12990
2025.04.25 08:54;1.12983;1.12992;1.12977;1.12990
2025.04.25 08:54;1.12983;1.12992;1.12977;1.12990
2025.04.25 08:54;1.12983;1.12992;1.12977;1.12990
2025.04.25 08:54;1.12983;1.12992;1.12977;1.12990
2025.04.25 08:54;1.12983;1.12992;1.12977;1.12990
2025.04.25 08:54;1.12983;1.12992;1.12977;1.12990
2025.04.25 08:54;1.12983;1.12992;1.12977;1.12990
2025.04.25 08:54;1.12983;1.12992;1.12977;1.12990
2025.04.25 08:54;1.12983;1.12992;1.12977;1.12990
2025.04.25 08:54;1.12983;1.12992;1.12977;1.12990
2025.04.25 08:54;1.12983;1.12992;1.12977;1.12990
2025.04.25 08:54;1.12983;1.12992;1.12977;1.12990
2025.04.25 08:54;1.12983;1.12992;1.12977;1.12990
2025.04.25 08:54;1.12983;1.12992;1.12977;1.12990
2025.04.25 08:54;1.12983;1.12992;1.12977;1.12990
2025.04.25 08:54;1.12983;1.12992;1.12977;1.12990
2025.04.25 08:54;1.12983;1.12992;1.12977;1.12990
2025.04.25 08:54;1.12983;1.12992;1.12977;1.12990
2025.04.25 08:54;1.12983;1.12992;1.12977;1.12990
2025.04.25 08:54;1.12983;1.12992;1.12977;1.12990
2025.04.25 08:54;1.12983;1.12992;1.12977;1.12990
2025.04.25 08:54;1.12983;1.12992;1.12977;1.12990
2025.04.25 08:54;1.12983;1.12992;1.12977;1.12990
2025.04.25 08:54;1.12983;1.12992;1.12977;1.12990
2025.04.25 08:54;1.12983;1.12992;1.12977;1.12990
2025.04.25 08:54;1.12983;1.12992;1.12977;1.12990
2025.04.25 08:54;1.12983;1.12992;1.12977;1.12990
2025.04.25 08:54;1.12983;1.12992;1.12977;1.12990
2025.04.25 08:54;1.12983;1.12992;1.12977;1.12990
2025.04.25 08:54;1.12983;1.12992;1.12977;1.12990
2025.04.25 08:54;1.12983;1.12992;1.12977;1.12990
2025.04.25 08:54;1.12983;1.12992;1.12977;1.12990
2025.04.25 08:54;1.12983;1.12992;1.12977;1.12990
